,DATE,TIME,PRICE
0,2020-12-27,16:42:44,26881.0
1,2020-12-27,16:42:45,26878.0
2,2020-12-27,16:42:46,26876.6
3,2020-12-27,16:42:47,26876.6
4,2020-12-27,16:42:48,26876.6
5,2020-12-27,16:42:49,26881.0
6,2020-12-27,16:42:50,26876.6
7,2020-12-27,16:42:51,26876.6
8,2020-12-27,16:42:52,26881.0
9,2020-12-27,16:42:53,26878.0
10,2020-12-27,16:42:53,26881.0
11,2020-12-27,16:42:54,26895.7
12,2020-12-27,16:42:55,26881.0
13,2020-12-27,16:42:56,26881.0
14,2020-12-27,16:42:57,26895.7
15,2020-12-27,16:42:58,26895.7
16,2020-12-27,16:42:59,26881.0
17,2020-12-27,16:43:00,26881.0
18,2020-12-27,16:43:01,26881.0
19,2020-12-27,16:43:02,26881.0
20,2020-12-27,16:43:03,26901.3
21,2020-12-27,16:43:04,26895.7
22,2020-12-27,16:43:05,26901.3
23,2020-12-27,16:43:06,26895.7
24,2020-12-27,16:43:07,26881.0
25,2020-12-27,16:43:08,26901.3
26,2020-12-27,16:43:09,26901.3
27,2020-12-27,16:43:10,26895.7
28,2020-12-27,16:43:11,26901.3
29,2020-12-27,16:43:12,26901.3
30,2020-12-27,16:43:13,26901.3
31,2020-12-27,16:43:14,26895.7
32,2020-12-27,16:43:15,26895.7
33,2020-12-27,16:43:16,26901.3
34,2020-12-27,16:43:17,26895.7
35,2020-12-27,16:43:18,26895.7
36,2020-12-27,16:43:19,26895.7
37,2020-12-27,16:43:20,26901.3
38,2020-12-27,16:43:22,26901.3
39,2020-12-27,16:43:23,26901.3
40,2020-12-27,16:43:24,26901.3
41,2020-12-27,16:43:25,26901.3
42,2020-12-27,16:43:26,26941.6
43,2020-12-27,16:43:27,26901.3
44,2020-12-27,16:43:28,26941.6
45,2020-12-27,16:43:29,26901.3
46,2020-12-27,16:43:30,26901.3
47,2020-12-27,16:43:31,26923.7
48,2020-12-27,16:43:32,26901.3
49,2020-12-27,16:43:33,26901.3
50,2020-12-27,16:43:34,26944.7
51,2020-12-27,16:43:35,26901.3
52,2020-12-27,16:43:36,26901.3
53,2020-12-27,16:43:37,26944.7
54,2020-12-27,16:43:38,26941.6
55,2020-12-27,16:43:39,26949.3
56,2020-12-27,16:43:40,26923.7
57,2020-12-27,16:43:41,26949.3
58,2020-12-27,16:43:42,26923.7
59,2020-12-27,16:43:43,26949.3
60,2020-12-27,16:43:44,26941.6
61,2020-12-27,16:43:45,26941.6
62,2020-12-27,16:43:46,26944.7
63,2020-12-27,16:43:47,26949.3
64,2020-12-27,16:43:48,26944.7
65,2020-12-27,16:43:51,26944.7
66,2020-12-27,16:43:52,26944.7
67,2020-12-27,16:43:53,26942.6
68,2020-12-27,16:43:54,26945.7
69,2020-12-27,16:43:55,26944.7
70,2020-12-27,16:43:56,26945.7
71,2020-12-27,16:43:57,26949.3
72,2020-12-27,16:43:58,26942.6
73,2020-12-27,16:43:59,26949.3
74,2020-12-27,16:44:00,26944.7
75,2020-12-27,16:44:01,26949.3
76,2020-12-27,16:44:02,26949.3
77,2020-12-27,16:44:03,26931.1
78,2020-12-27,16:44:04,26949.3
79,2020-12-27,16:44:05,26949.3
80,2020-12-27,16:44:06,26949.3
81,2020-12-27,16:44:07,26960.2
82,2020-12-27,16:44:08,26931.1
83,2020-12-27,16:44:10,26960.2
84,2020-12-27,16:44:11,26931.1
85,2020-12-27,16:44:12,26942.6
86,2020-12-27,16:44:13,26960.2
87,2020-12-27,16:44:14,26960.2
88,2020-12-27,16:44:15,26960.2
89,2020-12-27,16:44:16,26960.2
90,2020-12-27,16:44:17,26931.1
91,2020-12-27,16:44:18,26960.2
92,2020-12-27,16:44:19,26960.2
93,2020-12-27,16:44:21,26960.2
94,2020-12-27,16:44:22,26931.1
95,2020-12-27,16:44:23,26960.2
96,2020-12-27,16:44:24,26933.1
97,2020-12-27,16:44:25,26931.1
98,2020-12-27,16:44:26,26933.1
99,2020-12-27,16:44:27,26960.2
100,2020-12-27,16:44:28,26933.1
101,2020-12-27,16:44:29,26931.1
102,2020-12-27,16:44:30,26960.2
103,2020-12-27,16:44:31,26933.1
104,2020-12-27,16:44:32,26933.1
105,2020-12-27,16:44:33,26960.2
106,2020-12-27,16:44:34,26960.2
107,2020-12-27,16:44:35,26929.5
108,2020-12-27,16:44:36,26960.2
109,2020-12-27,16:44:37,26933.1
110,2020-12-27,16:44:38,26929.5
111,2020-12-27,16:44:39,26933.1
112,2020-12-27,16:44:40,26933.1
113,2020-12-27,16:44:41,26929.5
114,2020-12-27,16:44:42,26929.5
115,2020-12-27,16:44:43,26929.5
116,2020-12-27,16:44:44,26929.5
117,2020-12-27,16:44:45,26933.1
118,2020-12-27,16:44:46,26933.1
119,2020-12-27,16:44:47,26933.1
120,2020-12-27,16:44:48,26929.5
121,2020-12-27,16:44:49,26929.5
122,2020-12-27,16:44:50,26933.1
123,2020-12-27,16:44:51,26929.5
124,2020-12-27,16:44:52,26929.5
125,2020-12-27,16:44:53,26929.5
126,2020-12-27,16:44:54,26929.5
127,2020-12-27,16:44:55,26936.0
128,2020-12-27,16:44:56,26929.5
129,2020-12-27,16:44:57,26936.0
130,2020-12-27,16:44:58,26936.0
131,2020-12-27,16:44:59,26929.5
132,2020-12-27,16:45:00,26929.5
133,2020-12-27,16:45:01,26929.5
134,2020-12-27,16:45:02,26929.5
135,2020-12-27,16:45:03,26936.0
136,2020-12-27,16:45:04,26929.5
137,2020-12-27,16:45:05,26929.5
138,2020-12-27,16:45:06,26936.0
139,2020-12-27,16:45:07,26927.0
140,2020-12-27,16:45:08,26927.0
141,2020-12-27,16:45:09,26927.0
142,2020-12-27,16:45:10,26927.0
143,2020-12-27,16:45:11,26927.0
144,2020-12-27,16:45:12,26927.0
145,2020-12-27,16:45:13,26927.0
146,2020-12-27,16:45:14,26936.0
147,2020-12-27,16:45:15,26936.0
148,2020-12-27,16:45:16,26927.0
149,2020-12-27,16:45:24,26900.7
150,2020-12-27,16:45:25,26900.7
151,2020-12-27,16:45:26,26927.0
152,2020-12-27,16:45:27,26900.7
153,2020-12-27,16:45:28,26927.0
154,2020-12-27,16:45:29,26900.7
155,2020-12-27,16:45:30,26927.0
156,2020-12-27,16:45:31,26900.7
157,2020-12-27,16:45:32,26900.7
158,2020-12-27,16:45:33,26900.7
159,2020-12-27,16:45:34,26900.7
160,2020-12-27,16:45:35,26927.0
161,2020-12-27,16:45:36,26901.8
162,2020-12-27,16:45:37,26915.4
163,2020-12-27,16:45:40,26923.5
164,2020-12-27,16:45:41,26901.8
165,2020-12-27,16:45:42,26900.7
166,2020-12-27,16:45:43,26900.7
167,2020-12-27,16:45:44,26900.7
168,2020-12-27,16:45:45,26923.5
169,2020-12-27,16:45:46,26900.7
170,2020-12-27,16:45:47,26923.5
171,2020-12-27,16:45:48,26923.5
172,2020-12-27,16:45:49,26923.5
173,2020-12-27,16:45:50,26900.7
174,2020-12-27,16:45:51,26901.8
175,2020-12-27,16:45:52,26901.8
176,2020-12-27,16:45:53,26915.4
177,2020-12-27,16:45:54,26915.4
178,2020-12-27,16:45:55,26923.5
179,2020-12-27,16:45:56,26923.6
180,2020-12-27,16:45:57,26923.5
181,2020-12-27,16:45:58,26923.5
182,2020-12-27,16:45:59,26923.6
183,2020-12-27,16:46:00,26923.5
184,2020-12-27,16:46:01,26901.8
185,2020-12-27,16:46:02,26923.6
186,2020-12-27,16:46:03,26901.8
187,2020-12-27,16:46:04,26923.5
188,2020-12-27,16:46:05,26923.5
189,2020-12-27,16:46:06,26923.5
190,2020-12-27,16:46:07,26923.6
191,2020-12-27,16:46:08,26915.4
192,2020-12-27,16:46:09,26923.5
193,2020-12-27,16:46:10,26923.6
194,2020-12-27,16:46:11,26923.6
195,2020-12-27,16:46:12,26923.0
196,2020-12-27,16:46:13,26923.0
197,2020-12-27,16:46:14,26923.6
198,2020-12-27,16:46:15,26923.0
199,2020-12-27,16:46:16,26923.6
200,2020-12-27,16:46:17,26923.6
201,2020-12-27,16:46:18,26923.6
202,2020-12-27,16:46:19,26923.0
203,2020-12-27,16:46:20,26923.0
204,2020-12-27,16:46:21,26923.6
205,2020-12-27,16:46:22,26923.6
206,2020-12-27,16:46:23,26923.0
207,2020-12-27,16:46:25,26923.6
208,2020-12-27,16:46:26,26923.0
209,2020-12-27,16:46:27,26923.0
210,2020-12-27,16:46:28,26923.0
211,2020-12-27,16:46:29,26923.0
212,2020-12-27,16:46:30,26923.0
213,2020-12-27,16:46:31,26906.9
214,2020-12-27,16:46:32,26923.0
215,2020-12-27,16:46:33,26923.0
216,2020-12-27,16:46:34,26906.9
217,2020-12-27,16:46:35,26906.9
218,2020-12-27,16:46:36,26901.8
219,2020-12-27,16:46:37,26923.0
220,2020-12-27,16:46:38,26901.8
221,2020-12-27,16:46:39,26923.0
222,2020-12-27,16:46:40,26906.9
223,2020-12-27,16:46:41,26906.9
224,2020-12-27,16:46:42,26886.4
225,2020-12-27,16:46:43,26886.4
226,2020-12-27,16:46:44,26886.4
227,2020-12-27,16:46:46,26886.4
228,2020-12-27,16:46:47,26886.4
229,2020-12-27,16:46:48,26886.4
230,2020-12-27,16:46:49,26886.4
231,2020-12-27,16:46:50,26886.4
232,2020-12-27,16:46:51,26886.4
233,2020-12-27,16:46:52,26906.9
234,2020-12-27,16:46:53,26906.9
235,2020-12-27,16:46:54,26886.4
236,2020-12-27,16:46:55,26886.4
237,2020-12-27,16:46:56,26901.8
238,2020-12-27,16:46:57,26886.4
239,2020-12-27,16:46:58,26888.5
240,2020-12-27,16:46:59,26901.8
241,2020-12-27,16:47:00,26886.4
242,2020-12-27,16:47:01,26901.8
243,2020-12-27,16:47:02,26886.4
244,2020-12-27,16:47:03,26886.4
245,2020-12-27,16:47:04,26888.5
246,2020-12-27,16:47:05,26886.4
247,2020-12-27,16:47:07,26886.4
248,2020-12-27,16:47:08,26886.4
249,2020-12-27,16:47:09,26886.4
250,2020-12-27,16:47:10,26886.4
251,2020-12-27,16:47:11,26901.8
252,2020-12-27,16:47:12,26901.8
253,2020-12-27,16:47:13,26888.5
254,2020-12-27,16:47:14,26901.8
255,2020-12-27,16:47:15,26901.8
256,2020-12-27,16:47:16,26901.8
257,2020-12-27,16:47:17,26901.8
258,2020-12-27,16:47:18,26901.8
259,2020-12-27,16:47:19,26901.8
260,2020-12-27,16:47:20,26901.8
261,2020-12-27,16:47:21,26901.8
262,2020-12-27,16:47:22,26888.5
263,2020-12-27,16:47:23,26888.5
264,2020-12-27,16:47:24,26893.5
265,2020-12-27,16:47:25,26888.5
266,2020-12-27,16:47:26,26893.5
267,2020-12-27,16:47:27,26901.8
268,2020-12-27,16:47:28,26888.5
269,2020-12-27,16:47:29,26901.8
270,2020-12-27,16:47:30,26901.8
271,2020-12-27,16:47:31,26891.6
272,2020-12-27,16:47:32,26901.8
273,2020-12-27,16:47:33,26893.5
274,2020-12-27,16:47:34,26901.8
275,2020-12-27,16:47:35,26901.8
276,2020-12-27,16:47:36,26893.5
277,2020-12-27,16:47:37,26893.5
278,2020-12-27,16:47:38,26901.8
279,2020-12-27,16:47:39,26861.1
280,2020-12-27,16:47:40,26893.5
281,2020-12-27,16:47:41,26893.5
282,2020-12-27,16:47:42,26861.1
283,2020-12-27,16:47:44,26891.6
284,2020-12-27,16:47:45,26881.4
285,2020-12-27,16:47:46,26861.1
286,2020-12-27,16:47:47,26891.6
287,2020-12-27,16:47:47,26861.1
288,2020-12-27,16:47:48,26881.4
289,2020-12-27,16:47:49,26891.6
290,2020-12-27,16:47:50,26881.4
291,2020-12-27,16:47:51,26861.1
292,2020-12-27,16:47:53,26891.6
293,2020-12-27,16:47:54,26861.1
294,2020-12-27,16:47:55,26861.1
295,2020-12-27,16:47:56,26861.1
296,2020-12-27,16:47:57,26861.1
297,2020-12-27,16:47:58,26881.4
298,2020-12-27,16:47:59,26880.5
299,2020-12-27,16:48:00,26861.1
300,2020-12-27,16:48:01,26861.1
301,2020-12-27,16:48:02,26861.1
302,2020-12-27,16:48:03,26861.1
303,2020-12-27,16:48:04,26880.5
304,2020-12-27,16:48:05,26861.1
305,2020-12-27,16:48:06,26861.1
306,2020-12-27,16:48:07,26861.1
307,2020-12-27,16:48:08,26861.1
308,2020-12-27,16:48:09,26842.5
309,2020-12-27,16:48:10,26842.5
310,2020-12-27,16:48:11,26842.5
311,2020-12-27,16:48:12,26842.5
312,2020-12-27,16:48:13,26842.5
313,2020-12-27,16:48:14,26850.9
314,2020-12-27,16:48:15,26842.5
315,2020-12-27,16:48:16,26842.5
316,2020-12-27,16:48:17,26842.5
317,2020-12-27,16:48:18,26842.5
318,2020-12-27,16:48:19,26842.5
319,2020-12-27,16:48:20,26842.5
320,2020-12-27,16:48:21,26842.5
321,2020-12-27,16:48:22,26842.5
322,2020-12-27,16:48:23,26861.1
323,2020-12-27,16:48:24,26842.5
324,2020-12-27,16:48:26,26842.5
325,2020-12-27,16:48:27,26842.5
326,2020-12-27,16:48:28,26842.5
327,2020-12-27,16:48:29,26842.5
328,2020-12-27,16:48:30,26850.9
329,2020-12-27,16:48:31,26842.5
330,2020-12-27,16:48:32,26842.5
331,2020-12-27,16:48:33,26850.9
332,2020-12-27,16:48:34,26842.5
333,2020-12-27,16:48:35,26862.9
334,2020-12-27,16:48:36,26842.5
335,2020-12-27,16:48:37,26842.5
336,2020-12-27,16:48:38,26847.0
337,2020-12-27,16:48:39,26850.9
338,2020-12-27,16:48:40,26844.2
339,2020-12-27,16:48:41,26847.0
340,2020-12-27,16:48:42,26850.9
341,2020-12-27,16:48:43,26847.0
342,2020-12-27,16:48:44,26844.2
343,2020-12-27,16:48:45,26862.9
344,2020-12-27,16:48:46,26862.9
345,2020-12-27,16:48:47,26843.7
346,2020-12-27,16:48:48,26843.7
347,2020-12-27,16:48:49,26862.9
348,2020-12-27,16:48:50,26847.0
349,2020-12-27,16:48:51,26847.0
350,2020-12-27,16:48:52,26843.7
351,2020-12-27,16:48:53,26847.0
352,2020-12-27,16:48:54,26843.7
353,2020-12-27,16:48:55,26845.6
354,2020-12-27,16:48:56,26845.6
355,2020-12-27,16:48:57,26862.9
356,2020-12-27,16:48:58,26862.9
357,2020-12-27,16:48:59,26862.9
358,2020-12-27,16:49:00,26844.2
359,2020-12-27,16:49:01,26847.0
360,2020-12-27,16:49:02,26845.6
361,2020-12-27,16:49:03,26845.6
362,2020-12-27,16:49:04,26845.6
363,2020-12-27,16:49:05,26845.6
364,2020-12-27,16:49:06,26845.6
365,2020-12-27,16:49:07,26844.2
366,2020-12-27,16:49:08,26847.0
367,2020-12-27,16:49:09,26845.6
368,2020-12-27,16:49:10,26845.6
369,2020-12-27,16:49:11,26843.7
370,2020-12-27,16:49:12,26845.6
371,2020-12-27,16:49:13,26845.6
372,2020-12-27,16:49:14,26864.5
373,2020-12-27,16:49:15,26890.9
374,2020-12-27,16:49:16,26890.9
375,2020-12-27,16:49:17,26864.5
376,2020-12-27,16:49:18,26890.9
377,2020-12-27,16:49:19,26890.9
378,2020-12-27,16:49:20,26845.6
379,2020-12-27,16:49:21,26845.6
380,2020-12-27,16:49:22,26845.6
381,2020-12-27,16:49:23,26864.5
382,2020-12-27,16:49:24,26890.9
383,2020-12-27,16:49:25,26890.9
384,2020-12-27,16:49:26,26890.9
385,2020-12-27,16:49:27,26864.5
386,2020-12-27,16:49:28,26864.5
387,2020-12-27,16:49:29,26845.6
388,2020-12-27,16:49:30,26845.6
389,2020-12-27,16:49:31,26890.9
390,2020-12-27,16:49:32,26864.5
391,2020-12-27,16:49:33,26864.5
392,2020-12-27,16:49:34,26890.9
393,2020-12-27,16:49:35,26905.0
394,2020-12-27,16:49:36,26890.9
395,2020-12-27,16:49:37,26912.8
396,2020-12-27,16:49:38,26890.9
397,2020-12-27,16:49:39,26890.9
398,2020-12-27,16:49:40,26912.8
399,2020-12-27,16:49:41,26918.3
400,2020-12-27,16:49:42,26918.3
401,2020-12-27,16:49:43,26905.0
402,2020-12-27,16:49:44,26918.3
403,2020-12-27,16:49:45,26900.9
404,2020-12-27,16:49:46,26918.3
405,2020-12-27,16:49:48,26905.0
406,2020-12-27,16:49:49,26905.0
407,2020-12-27,16:49:50,26923.6
408,2020-12-27,16:49:51,26912.8
409,2020-12-27,16:49:52,26905.0
410,2020-12-27,16:49:53,26900.9
411,2020-12-27,16:49:54,26905.0
412,2020-12-27,16:49:55,26918.3
413,2020-12-27,16:49:56,26912.8
414,2020-12-27,16:49:58,26912.8
415,2020-12-27,16:49:59,26922.8
416,2020-12-27,16:50:00,26923.6
417,2020-12-27,16:50:01,26905.0
418,2020-12-27,16:50:01,26921.4
419,2020-12-27,16:50:02,26922.8
420,2020-12-27,16:50:03,26918.3
421,2020-12-27,16:50:04,26918.3
422,2020-12-27,16:50:05,26923.6
423,2020-12-27,16:50:06,26918.3
424,2020-12-27,16:50:08,26923.6
425,2020-12-27,16:50:08,26921.4
426,2020-12-27,16:50:10,26923.6
427,2020-12-27,16:50:10,26922.8
428,2020-12-27,16:50:11,26921.4
429,2020-12-27,16:50:12,26910.3
430,2020-12-27,16:50:13,26923.6
431,2020-12-27,16:50:14,26910.3
432,2020-12-27,16:50:15,26922.8
433,2020-12-27,16:50:16,26921.4
434,2020-12-27,16:50:17,26895.6
435,2020-12-27,16:50:18,26922.8
436,2020-12-27,16:50:20,26922.8
437,2020-12-27,16:50:21,26910.3
438,2020-12-27,16:50:22,26910.3
439,2020-12-27,16:50:23,26910.3
440,2020-12-27,16:50:24,26921.4
441,2020-12-27,16:50:25,26895.6
442,2020-12-27,16:50:26,26921.4
443,2020-12-27,16:50:27,26910.3
444,2020-12-27,16:50:28,26880.9
445,2020-12-27,16:50:29,26910.3
446,2020-12-27,16:50:30,26921.4
447,2020-12-27,16:50:31,26895.6
448,2020-12-27,16:50:32,26910.3
449,2020-12-27,16:50:33,26910.3
450,2020-12-27,16:50:34,26910.3
451,2020-12-27,16:50:35,26910.3
452,2020-12-27,16:50:36,26880.9
453,2020-12-27,16:50:37,26880.9
454,2020-12-27,16:50:38,26880.9
455,2020-12-27,16:50:39,26879.4
456,2020-12-27,16:50:40,26880.9
457,2020-12-27,16:50:41,26880.9
458,2020-12-27,16:50:42,26880.9
459,2020-12-27,16:50:43,26921.9
460,2020-12-27,16:50:44,26921.9
461,2020-12-27,16:50:45,26880.9
462,2020-12-27,16:50:46,26880.9
463,2020-12-27,16:50:47,26921.9
464,2020-12-27,16:50:48,26921.9
465,2020-12-27,16:50:49,26880.9
466,2020-12-27,16:50:50,26879.4
467,2020-12-27,16:50:51,26880.9
468,2020-12-27,16:50:52,26880.9
469,2020-12-27,16:50:53,26880.9
470,2020-12-27,16:50:54,26880.9
471,2020-12-27,16:50:55,26921.9
472,2020-12-27,16:50:56,26921.9
473,2020-12-27,16:50:57,26880.9
474,2020-12-27,16:50:58,26921.9
475,2020-12-27,16:50:59,26880.9
476,2020-12-27,16:51:00,26879.4
477,2020-12-27,16:51:01,26879.4
478,2020-12-27,16:51:02,26921.9
479,2020-12-27,16:51:03,26869.0
480,2020-12-27,16:51:04,26869.0
481,2020-12-27,16:51:05,26869.0
482,2020-12-27,16:51:09,26921.9
483,2020-12-27,16:51:10,26869.0
484,2020-12-27,16:51:11,26869.0
485,2020-12-27,16:51:13,26863.3
486,2020-12-27,16:51:14,26869.0
487,2020-12-27,16:51:15,26869.0
488,2020-12-27,16:51:16,26870.0
489,2020-12-27,16:51:17,26863.3
490,2020-12-27,16:51:18,26869.0
491,2020-12-27,16:51:19,26863.3
492,2020-12-27,16:51:20,26869.0
493,2020-12-27,16:51:21,26869.0
494,2020-12-27,16:51:22,26863.3
495,2020-12-27,16:51:23,26863.3
496,2020-12-27,16:51:24,26870.0
497,2020-12-27,16:51:25,26869.0
498,2020-12-27,16:51:26,26863.3
499,2020-12-27,16:51:27,26863.3
500,2020-12-27,16:51:28,26870.0
501,2020-12-27,16:51:29,26869.0
502,2020-12-27,16:51:30,26859.3
503,2020-12-27,16:51:31,26869.7
504,2020-12-27,16:51:32,26863.3
505,2020-12-27,16:51:33,26863.3
506,2020-12-27,16:51:35,26863.3
507,2020-12-27,16:51:36,26863.3
508,2020-12-27,16:51:37,26859.3
509,2020-12-27,16:51:38,26869.7
510,2020-12-27,16:51:39,26863.3
511,2020-12-27,16:51:40,26869.7
512,2020-12-27,16:51:41,26878.3
513,2020-12-27,16:51:42,26878.3
514,2020-12-27,16:51:43,26870.0
515,2020-12-27,16:51:44,26878.3
516,2020-12-27,16:51:46,26878.3
517,2020-12-27,16:40:31,26906.1
518,2020-12-27,16:40:34,26906.1
519,2020-12-27,16:40:35,26891.3
520,2020-12-27,16:40:36,26891.5
521,2020-12-27,16:40:37,26906.1
522,2020-12-27,16:40:38,26906.1
523,2020-12-27,16:40:39,26891.2
524,2020-12-27,16:40:40,26891.2
525,2020-12-27,16:40:41,26906.1
526,2020-12-27,16:40:41,26906.1
527,2020-12-27,16:40:42,26906.1
528,2020-12-27,16:40:43,26906.1
529,2020-12-27,16:40:44,26906.1
530,2020-12-27,16:40:45,26906.1
531,2020-12-27,16:40:46,26891.2
532,2020-12-27,16:40:47,26891.5
533,2020-12-27,16:40:48,26891.5
534,2020-12-27,16:40:49,26891.2
535,2020-12-27,16:40:50,26906.1
536,2020-12-27,16:40:51,26906.1
537,2020-12-27,16:40:52,26891.2
538,2020-12-27,16:40:53,26884.6
539,2020-12-27,16:40:54,26891.2
540,2020-12-27,16:40:55,26891.5
541,2020-12-27,16:40:56,26884.6
542,2020-12-27,16:40:57,26884.6
543,2020-12-27,16:40:58,26884.6
544,2020-12-27,16:40:59,26891.5
545,2020-12-27,16:41:00,26883.4
546,2020-12-27,16:41:01,26884.6
547,2020-12-27,16:41:02,26884.6
548,2020-12-27,16:41:03,26891.2
549,2020-12-27,16:41:04,26884.6
550,2020-12-27,16:41:05,26891.2
551,2020-12-27,16:41:06,26884.6
552,2020-12-27,16:41:07,26883.4
553,2020-12-27,16:41:08,26898.3
554,2020-12-27,16:41:09,26884.6
555,2020-12-27,16:41:10,26898.3
556,2020-12-27,16:41:11,26884.6
557,2020-12-27,16:41:12,26884.6
558,2020-12-27,16:41:13,26898.3
559,2020-12-27,16:41:15,26898.3
560,2020-12-27,16:41:16,26898.3
561,2020-12-27,16:41:17,26884.6
562,2020-12-27,16:41:18,26884.6
563,2020-12-27,16:41:19,26898.3
564,2020-12-27,16:41:20,26898.3
565,2020-12-27,16:41:21,26898.3
566,2020-12-27,16:41:22,26898.3
567,2020-12-27,16:41:23,26883.4
568,2020-12-27,16:41:24,26883.4
569,2020-12-27,16:41:25,26883.4
570,2020-12-27,16:41:26,26898.3
571,2020-12-27,16:41:27,26883.9
572,2020-12-27,16:41:28,26898.3
573,2020-12-27,16:41:29,26883.9
574,2020-12-27,16:41:30,26898.3
575,2020-12-27,16:41:31,26883.9
576,2020-12-27,16:41:32,26898.3
577,2020-12-27,16:41:33,26898.3
578,2020-12-27,16:41:34,26898.3
579,2020-12-27,16:41:35,26873.1
580,2020-12-27,16:41:36,26873.1
581,2020-12-27,16:41:37,26883.9
582,2020-12-27,16:41:38,26879.6
583,2020-12-27,16:41:39,26879.6
584,2020-12-27,16:41:40,26890.0
585,2020-12-27,16:41:41,26883.9
586,2020-12-27,16:41:42,26883.9
587,2020-12-27,16:41:43,26873.1
588,2020-12-27,16:41:44,26873.1
589,2020-12-27,16:41:45,26883.9
590,2020-12-27,16:41:46,26879.6
591,2020-12-27,16:41:47,26890.0
592,2020-12-27,16:41:48,26873.1
593,2020-12-27,16:41:49,26883.9
594,2020-12-27,16:41:50,26879.6
595,2020-12-27,16:41:51,26877.5
596,2020-12-27,16:41:52,26877.5
597,2020-12-27,16:41:53,26877.5
598,2020-12-27,16:41:55,26877.5
599,2020-12-27,16:41:56,26873.1
600,2020-12-27,16:41:57,26877.5
601,2020-12-27,16:41:58,26877.5
602,2020-12-27,16:41:59,26890.0
603,2020-12-27,16:42:00,26877.5
604,2020-12-27,16:42:01,26879.6
605,2020-12-27,16:42:02,26890.0
606,2020-12-27,16:42:03,26877.5
607,2020-12-27,16:42:04,26877.5
608,2020-12-27,16:42:05,26856.4
609,2020-12-27,16:42:06,26877.5
610,2020-12-27,16:42:08,26877.5
611,2020-12-27,16:42:09,26856.4
612,2020-12-27,16:42:10,26877.5
613,2020-12-27,16:42:11,26856.4
614,2020-12-27,16:42:12,26877.5
615,2020-12-27,16:42:13,26877.5
616,2020-12-27,16:42:14,26877.5
617,2020-12-27,16:42:15,26856.4
618,2020-12-27,16:42:16,26856.4
619,2020-12-27,16:42:18,26856.4
620,2020-12-27,16:42:19,26856.4
621,2020-12-27,16:42:20,26856.4
622,2020-12-27,16:42:21,26856.4
623,2020-12-27,16:42:22,26856.4
624,2020-12-27,16:42:23,26856.4
625,2020-12-27,16:42:24,26876.6
626,2020-12-27,16:42:25,26856.4
627,2020-12-27,16:42:26,26876.6
628,2020-12-27,16:42:27,26876.6
629,2020-12-27,16:42:28,26876.6
630,2020-12-27,16:42:29,26876.6
631,2020-12-27,16:42:30,26856.4
632,2020-12-27,16:42:31,26856.4
633,2020-12-27,16:42:32,26876.6
634,2020-12-27,16:42:33,26876.6
635,2020-12-27,16:42:34,26878.0
636,2020-12-27,16:42:35,26856.4
637,2020-12-27,16:42:36,26878.0
638,2020-12-27,16:42:37,26878.0
639,2020-12-27,16:42:38,26878.0
640,2020-12-27,16:42:39,26878.0
641,2020-12-27,16:42:41,26878.0
642,2020-12-27,16:39:46,26898.1
643,2020-12-27,16:39:47,26925.5
644,2020-12-27,16:39:48,26925.5
645,2020-12-27,16:39:49,26898.1
646,2020-12-27,16:39:50,26895.8
647,2020-12-27,16:39:51,26898.1
648,2020-12-27,16:39:52,26925.5
649,2020-12-27,16:39:53,26925.5
650,2020-12-27,16:39:54,26925.5
651,2020-12-27,16:39:55,26898.1
652,2020-12-27,16:39:56,26898.1
653,2020-12-27,16:39:57,26925.5
654,2020-12-27,16:39:58,26898.1
655,2020-12-27,16:39:58,26924.0
656,2020-12-27,16:39:59,26925.5
657,2020-12-27,16:40:00,26924.0
658,2020-12-27,16:40:01,26925.5
659,2020-12-27,16:40:02,26891.4
660,2020-12-27,16:40:03,26925.5
661,2020-12-27,16:40:04,26925.5
662,2020-12-27,16:40:05,26924.0
663,2020-12-27,16:40:06,26891.3
664,2020-12-27,16:40:07,26891.4
665,2020-12-27,16:40:08,26924.0
666,2020-12-27,16:40:09,26891.4
667,2020-12-27,16:40:10,26891.3
668,2020-12-27,16:40:11,26891.3
669,2020-12-27,16:40:12,26891.3
670,2020-12-27,16:40:13,26924.0
671,2020-12-27,16:40:14,26891.4
672,2020-12-27,16:40:15,26891.3
673,2020-12-27,16:40:16,26924.0
674,2020-12-27,16:40:17,26924.0
675,2020-12-27,16:40:18,26891.4
676,2020-12-27,16:40:19,26891.4
677,2020-12-27,16:40:20,26891.4
678,2020-12-27,16:40:21,26906.1
679,2020-12-27,16:40:22,26891.4
680,2020-12-27,16:40:23,26891.4
681,2020-12-27,16:40:24,26891.4
682,2020-12-27,16:40:25,26906.1
683,2020-12-27,16:40:26,26906.1
684,2020-12-27,16:40:27,26906.1
685,2020-12-27,16:40:28,26891.3
686,2020-12-27,16:05:06,26075.4
687,2020-12-27,16:05:07,26065.0
688,2020-12-27,16:05:08,26075.4
689,2020-12-27,16:05:09,26075.4
690,2020-12-27,16:05:10,26142.1
691,2020-12-27,16:05:11,26065.0
692,2020-12-27,16:05:12,26130.6
693,2020-12-27,16:05:13,26099.5
694,2020-12-27,16:05:14,26099.3
695,2020-12-27,16:05:15,26099.5
696,2020-12-27,16:05:16,26125.5
697,2020-12-27,16:05:17,26138.6
698,2020-12-27,16:05:18,26130.6
699,2020-12-27,16:05:19,26138.6
700,2020-12-27,16:05:20,26130.6
701,2020-12-27,16:05:21,26125.5
702,2020-12-27,16:05:22,26125.5
703,2020-12-27,16:05:23,26125.5
704,2020-12-27,16:05:24,26125.5
705,2020-12-27,16:05:25,26130.6
706,2020-12-27,16:05:26,26138.6
707,2020-12-27,16:05:27,26138.6
708,2020-12-27,16:05:28,26142.1
709,2020-12-27,16:05:29,26138.6
710,2020-12-27,16:05:30,26138.6
711,2020-12-27,16:05:31,26138.6
712,2020-12-27,16:05:32,26142.1
713,2020-12-27,16:05:33,26130.6
714,2020-12-27,16:05:35,26125.5
715,2020-12-27,16:05:36,26189.5
716,2020-12-27,16:05:37,26125.5
717,2020-12-27,16:05:38,26196.6
718,2020-12-27,16:05:39,26125.5
719,2020-12-27,16:05:40,26138.6
720,2020-12-27,16:05:41,26189.5
721,2020-12-27,16:05:41,26164.4
722,2020-12-27,16:05:42,26189.5
723,2020-12-27,16:05:43,26197.4
724,2020-12-27,16:05:44,26164.4
725,2020-12-27,16:05:45,26164.4
726,2020-12-27,16:05:46,26197.4
727,2020-12-27,16:05:47,26197.5
728,2020-12-27,16:05:48,26197.4
729,2020-12-27,16:05:49,26197.4
730,2020-12-27,16:05:50,26189.5
731,2020-12-27,16:05:51,26196.6
732,2020-12-27,16:05:52,26197.5
733,2020-12-27,16:05:53,26197.4
734,2020-12-27,16:05:54,26197.4
735,2020-12-27,16:05:55,26189.5
736,2020-12-27,16:05:56,26189.5
737,2020-12-27,16:05:58,26197.4
738,2020-12-27,16:05:59,26197.4
739,2020-12-27,16:06:00,26197.5
740,2020-12-27,16:06:01,26197.5
741,2020-12-27,16:06:02,26197.4
742,2020-12-27,16:06:03,26196.6
743,2020-12-27,16:06:04,26197.4
744,2020-12-27,16:06:05,26196.6
745,2020-12-27,16:06:06,26197.5
746,2020-12-27,16:06:07,26197.4
747,2020-12-27,16:06:08,26197.5
748,2020-12-27,16:06:09,26200.0
749,2020-12-27,16:06:12,26200.0
750,2020-12-27,16:06:13,26197.4
751,2020-12-27,16:06:14,26197.5
752,2020-12-27,16:06:15,26197.5
753,2020-12-27,16:06:16,26184.3
754,2020-12-27,16:06:17,26184.3
755,2020-12-27,16:06:18,26197.5
756,2020-12-27,16:06:19,26184.3
757,2020-12-27,16:06:20,26184.3
758,2020-12-27,16:06:23,26199.9
759,2020-12-27,16:06:24,26200.0
760,2020-12-27,16:06:25,26184.3
761,2020-12-27,16:06:26,26197.5
762,2020-12-27,16:06:27,26199.9
763,2020-12-27,16:06:28,26200.0
764,2020-12-27,16:06:29,26199.9
765,2020-12-27,16:06:30,26184.3
766,2020-12-27,16:06:31,26200.0
767,2020-12-27,16:06:33,26184.3
768,2020-12-27,16:06:34,26200.0
769,2020-12-27,16:06:35,26200.0
770,2020-12-27,16:06:36,26184.3
771,2020-12-27,16:06:37,26184.3
772,2020-12-27,16:06:38,26200.0
773,2020-12-27,16:06:39,26216.0
774,2020-12-27,16:06:40,26216.0
775,2020-12-27,16:06:41,26200.0
776,2020-12-27,16:06:42,26216.0
777,2020-12-27,16:06:43,26216.0
778,2020-12-27,16:06:44,26200.0
779,2020-12-27,16:06:45,26184.3
780,2020-12-27,16:06:46,26216.0
781,2020-12-27,16:06:47,26256.3
782,2020-12-27,16:06:48,26216.0
783,2020-12-27,16:06:50,26216.0
784,2020-12-27,16:06:51,26216.0
785,2020-12-27,16:06:52,26216.0
786,2020-12-27,16:06:53,26256.3
787,2020-12-27,16:06:54,26216.0
788,2020-12-27,16:06:54,26200.0
789,2020-12-27,16:06:56,26256.3
790,2020-12-27,16:06:57,26200.0
791,2020-12-27,16:06:58,26256.3
792,2020-12-27,16:06:59,26256.3
793,2020-12-27,16:07:00,26256.3
794,2020-12-27,16:07:01,26235.0
795,2020-12-27,16:07:02,26216.0
796,2020-12-27,16:07:03,26256.3
797,2020-12-27,16:07:04,26235.0
798,2020-12-27,16:07:05,26256.3
799,2020-12-27,16:07:06,26216.0
800,2020-12-27,16:07:07,26235.0
801,2020-12-27,16:07:08,26256.3
802,2020-12-27,16:07:09,26235.0
803,2020-12-27,16:07:10,26216.0
804,2020-12-27,16:07:11,26256.3
805,2020-12-27,16:07:12,26256.3
806,2020-12-27,16:07:13,26256.3
807,2020-12-27,16:07:14,26230.4
808,2020-12-27,16:07:15,26230.4
809,2020-12-27,16:07:16,26219.7
810,2020-12-27,16:07:17,26256.3
811,2020-12-27,16:07:18,26256.3
812,2020-12-27,16:07:19,26235.4
813,2020-12-27,16:07:20,26235.0
814,2020-12-27,16:07:21,26235.0
815,2020-12-27,16:07:22,26235.4
816,2020-12-27,16:07:23,26230.4
817,2020-12-27,16:07:26,26235.4
818,2020-12-27,16:07:27,26230.4
819,2020-12-27,16:07:28,26235.4
820,2020-12-27,16:07:29,26235.4
821,2020-12-27,16:07:30,26230.4
822,2020-12-27,16:07:31,26230.4
823,2020-12-27,16:07:32,26235.4
824,2020-12-27,16:07:33,26235.4
825,2020-12-27,16:07:34,26235.4
826,2020-12-27,16:07:35,26235.4
827,2020-12-27,16:07:36,26235.4
828,2020-12-27,16:07:37,26235.4
829,2020-12-27,16:07:38,26235.4
830,2020-12-27,16:07:39,26233.5
831,2020-12-27,16:07:42,26235.4
832,2020-12-27,16:07:43,26235.4
833,2020-12-27,16:07:47,26203.6
834,2020-12-27,16:07:48,26235.4
835,2020-12-27,16:07:50,26233.5
836,2020-12-27,16:07:51,26203.6
837,2020-12-27,16:07:52,26203.6
838,2020-12-27,16:07:59,26203.6
839,2020-12-27,16:08:00,26205.0
840,2020-12-27,16:08:01,26223.0
841,2020-12-27,16:08:03,26203.6
842,2020-12-27,16:08:04,26205.0
843,2020-12-27,16:08:05,26203.6
844,2020-12-27,16:08:06,26223.0
845,2020-12-27,16:08:07,26205.0
846,2020-12-27,16:08:08,26205.0
847,2020-12-27,16:08:09,26205.0
848,2020-12-27,16:08:10,26223.0
849,2020-12-27,16:08:11,26203.6
850,2020-12-27,16:08:12,26203.6
851,2020-12-27,16:08:13,26203.6
852,2020-12-27,16:08:14,26205.0
853,2020-12-27,16:08:15,26219.6
854,2020-12-27,16:08:15,26205.0
855,2020-12-27,16:08:16,26219.6
856,2020-12-27,16:08:17,26205.0
857,2020-12-27,16:08:18,26205.0
858,2020-12-27,16:08:19,26205.0
859,2020-12-27,16:08:20,26216.6
860,2020-12-27,16:08:21,26205.0
861,2020-12-27,16:08:22,26230.3
862,2020-12-27,16:08:23,26219.6
863,2020-12-27,16:08:24,26223.0
864,2020-12-27,16:08:25,26219.6
865,2020-12-27,16:08:26,26216.6
866,2020-12-27,16:08:27,26230.3
867,2020-12-27,16:08:28,26216.6
868,2020-12-27,16:08:29,26230.3
869,2020-12-27,16:08:30,26230.3
870,2020-12-27,16:08:31,26219.6
871,2020-12-27,16:08:32,26230.3
872,2020-12-27,16:08:33,26250.0
873,2020-12-27,16:08:34,26230.3
874,2020-12-27,16:08:35,26219.6
875,2020-12-27,16:08:36,26230.3
876,2020-12-27,16:08:37,26219.6
877,2020-12-27,16:08:38,26250.0
878,2020-12-27,16:08:39,26230.3
879,2020-12-27,16:08:40,26250.0
880,2020-12-27,16:08:41,26230.3
881,2020-12-27,16:08:43,26216.6
882,2020-12-27,16:08:43,26230.3
883,2020-12-27,16:08:44,26216.6
884,2020-12-27,16:08:45,26243.0
885,2020-12-27,16:08:46,26250.0
886,2020-12-27,16:08:47,26250.0
887,2020-12-27,16:08:48,26230.3
888,2020-12-27,16:08:49,26243.0
889,2020-12-27,16:08:50,26285.2
890,2020-12-27,16:08:51,26250.4
891,2020-12-27,16:08:52,26243.0
892,2020-12-27,16:08:53,26285.2
893,2020-12-27,16:09:02,26285.2
894,2020-12-27,16:09:03,26285.2
895,2020-12-27,16:09:04,26243.0
896,2020-12-27,16:09:05,26285.2
897,2020-12-27,16:09:06,26317.5
898,2020-12-27,16:09:07,26285.2
899,2020-12-27,16:09:08,26285.2
900,2020-12-27,16:09:09,26317.5
901,2020-12-27,16:09:10,26317.5
902,2020-12-27,16:09:11,26285.2
903,2020-12-27,16:09:12,26317.5
904,2020-12-27,16:09:13,26317.5
905,2020-12-27,16:09:14,26317.5
906,2020-12-27,16:09:15,26323.3
907,2020-12-27,16:09:16,26323.3
908,2020-12-27,16:09:17,26317.5
909,2020-12-27,16:09:18,26285.2
910,2020-12-27,16:09:19,26285.2
911,2020-12-27,16:09:20,26318.8
912,2020-12-27,16:09:21,26352.6
913,2020-12-27,16:09:22,26349.9
914,2020-12-27,16:09:23,26349.9
915,2020-12-27,16:09:25,26323.3
916,2020-12-27,16:09:26,26352.6
917,2020-12-27,16:09:27,26318.8
918,2020-12-27,16:09:28,26349.9
919,2020-12-27,16:09:29,26317.5
920,2020-12-27,16:09:30,26352.6
921,2020-12-27,16:09:31,26318.8
922,2020-12-27,16:09:32,26318.8
923,2020-12-27,16:09:33,26349.9
924,2020-12-27,16:09:34,26349.9
925,2020-12-27,16:09:35,26323.3
926,2020-12-27,16:09:36,26318.8
927,2020-12-27,16:09:37,26352.6
928,2020-12-27,16:09:39,26330.0
929,2020-12-27,16:09:40,26349.9
930,2020-12-27,16:09:41,26323.3
931,2020-12-27,16:09:42,26352.6
932,2020-12-27,16:09:43,26338.6
933,2020-12-27,16:09:44,26349.9
934,2020-12-27,16:09:45,26330.0
935,2020-12-27,16:09:46,26349.9
936,2020-12-27,16:09:47,26352.6
937,2020-12-27,16:09:48,26338.6
938,2020-12-27,16:09:49,26352.6
939,2020-12-27,16:09:50,26326.7
940,2020-12-27,16:09:51,26326.7
941,2020-12-27,16:09:52,26329.7
942,2020-12-27,16:09:53,26338.6
943,2020-12-27,16:09:54,26326.7
944,2020-12-27,16:09:55,26329.7
945,2020-12-27,16:09:56,26338.6
946,2020-12-27,16:09:57,26330.0
947,2020-12-27,16:09:58,26326.7
948,2020-12-27,16:09:59,26329.7
949,2020-12-27,16:10:00,26329.7
950,2020-12-27,16:10:01,26329.7
951,2020-12-27,16:10:02,26329.7
952,2020-12-27,16:10:03,26321.7
953,2020-12-27,16:10:04,26329.7
954,2020-12-27,16:10:05,26330.0
955,2020-12-27,16:10:06,26329.7
956,2020-12-27,16:10:07,26329.7
957,2020-12-27,16:10:08,26321.7
958,2020-12-27,16:10:09,26312.2
959,2020-12-27,16:10:10,26312.2
960,2020-12-27,16:10:11,26326.7
961,2020-12-27,16:10:12,26326.7
962,2020-12-27,16:10:13,26329.7
963,2020-12-27,16:10:14,26329.7
964,2020-12-27,16:10:15,26339.4
965,2020-12-27,16:10:16,26329.7
966,2020-12-27,16:10:17,26321.7
967,2020-12-27,16:10:18,26339.4
968,2020-12-27,16:10:19,26329.7
969,2020-12-27,16:10:20,26329.7
970,2020-12-27,16:10:21,26312.2
971,2020-12-27,16:10:22,26352.7
972,2020-12-27,16:10:23,26321.7
973,2020-12-27,16:10:24,26312.2
974,2020-12-27,16:10:25,26352.7
975,2020-12-27,16:10:26,26312.2
976,2020-12-27,16:10:27,26312.2
977,2020-12-27,16:10:28,26321.7
978,2020-12-27,16:10:29,26371.2
979,2020-12-27,16:10:30,26352.7
980,2020-12-27,16:10:31,26371.2
981,2020-12-27,16:10:32,26371.2
982,2020-12-27,16:10:33,26339.4
983,2020-12-27,16:10:34,26352.7
984,2020-12-27,16:10:35,26371.2
985,2020-12-27,16:10:36,26312.2
986,2020-12-27,16:10:37,26371.2
987,2020-12-27,16:10:38,26352.7
988,2020-12-27,16:10:39,26352.7
989,2020-12-27,16:10:40,26371.2
990,2020-12-27,16:10:41,26379.0
991,2020-12-27,16:10:42,26379.0
992,2020-12-27,16:10:43,26339.4
993,2020-12-27,16:10:44,26378.9
994,2020-12-27,16:10:45,26352.7
995,2020-12-27,16:10:46,26352.7
996,2020-12-27,16:10:47,26378.9
997,2020-12-27,16:10:48,26352.7
998,2020-12-27,16:10:49,26352.7
999,2020-12-27,16:10:50,26379.0
1000,2020-12-27,16:10:51,26379.0
1001,2020-12-27,16:10:52,26373.2
1002,2020-12-27,16:10:53,26379.0
1003,2020-12-27,16:10:54,26379.0
1004,2020-12-27,16:10:55,26379.0
1005,2020-12-27,16:10:56,26379.0
1006,2020-12-27,16:10:58,26378.9
1007,2020-12-27,16:10:59,26379.0
1008,2020-12-27,16:11:00,26373.2
1009,2020-12-27,16:11:01,26379.0
1010,2020-12-27,16:11:02,26379.0
1011,2020-12-27,16:11:03,26379.0
1012,2020-12-27,16:11:04,26379.0
1013,2020-12-27,16:11:05,26379.0
1014,2020-12-27,16:11:06,26379.0
1015,2020-12-27,16:11:07,26378.9
1016,2020-12-27,16:11:08,26379.0
1017,2020-12-27,16:11:09,26379.0
1018,2020-12-27,16:11:10,26379.0
1019,2020-12-27,16:11:11,26379.0
1020,2020-12-27,16:11:12,26379.0
1021,2020-12-27,16:11:13,26379.0
1022,2020-12-27,16:11:14,26379.0
1023,2020-12-27,16:11:15,26350.0
1024,2020-12-27,16:11:16,26350.0
1025,2020-12-27,16:11:18,26379.0
1026,2020-12-27,16:11:19,26374.8
1027,2020-12-27,16:11:21,26374.8
1028,2020-12-27,16:11:22,26379.0
1029,2020-12-27,16:11:23,26343.8
1030,2020-12-27,16:11:24,26343.8
1031,2020-12-27,16:11:25,26344.1
1032,2020-12-27,16:11:26,26350.0
1033,2020-12-27,16:11:27,26343.8
1034,2020-12-27,16:11:28,26374.8
1035,2020-12-27,16:11:30,26350.0
1036,2020-12-27,16:11:31,26345.1
1037,2020-12-27,16:11:32,26345.1
1038,2020-12-27,16:11:33,26344.1
1039,2020-12-27,16:11:35,26350.0
1040,2020-12-27,16:11:36,26374.8
1041,2020-12-27,16:11:37,26343.8
1042,2020-12-27,16:11:38,26350.0
1043,2020-12-27,16:11:39,26343.8
1044,2020-12-27,16:11:40,26374.8
1045,2020-12-27,16:11:41,26345.1
1046,2020-12-27,16:11:42,26345.1
1047,2020-12-27,16:11:44,26343.8
1048,2020-12-27,16:11:45,26351.4
1049,2020-12-27,16:11:46,26351.4
1050,2020-12-27,16:11:47,26345.1
1051,2020-12-27,16:11:48,26345.1
1052,2020-12-27,16:11:49,26344.1
1053,2020-12-27,16:11:50,26344.1
1054,2020-12-27,16:11:51,26344.1
1055,2020-12-27,16:11:52,26367.5
1056,2020-12-27,16:11:53,26351.4
1057,2020-12-27,16:11:54,26344.1
1058,2020-12-27,16:11:55,26351.4
1059,2020-12-27,16:11:56,26344.1
1060,2020-12-27,16:11:57,26351.4
1061,2020-12-27,16:17:19,26426.4
1062,2020-12-27,16:17:20,26438.1
1063,2020-12-27,16:17:21,26514.8
1064,2020-12-27,16:17:22,26438.1
1065,2020-12-27,16:17:23,26514.8
1066,2020-12-27,16:17:24,26444.4
1067,2020-12-27,16:17:25,26444.4
1068,2020-12-27,16:17:27,26514.8
1069,2020-12-27,16:17:28,26444.4
1070,2020-12-27,16:17:29,26514.8
1071,2020-12-27,16:17:30,26490.9
1072,2020-12-27,16:17:31,26490.9
1073,2020-12-27,16:17:31,26514.8
1074,2020-12-27,16:17:32,26514.8
1075,2020-12-27,16:17:33,26444.4
1076,2020-12-27,16:17:34,26514.8
1077,2020-12-27,16:17:35,26514.8
1078,2020-12-27,16:17:36,26514.8
1079,2020-12-27,16:17:37,26488.0
1080,2020-12-27,16:17:39,26514.8
1081,2020-12-27,16:17:44,26514.8
1082,2020-12-27,16:17:45,26490.9
1083,2020-12-27,16:17:46,26514.8
1084,2020-12-27,16:17:47,26475.2
1085,2020-12-27,16:17:48,26514.8
1086,2020-12-27,16:17:49,26475.2
1087,2020-12-27,16:17:50,26488.0
1088,2020-12-27,16:17:51,26488.2
1089,2020-12-27,16:17:52,26488.0
1090,2020-12-27,16:17:53,26488.2
1091,2020-12-27,16:17:54,26488.2
1092,2020-12-27,16:17:56,26488.2
1093,2020-12-27,16:17:57,26488.2
1094,2020-12-27,16:17:58,26488.2
1095,2020-12-27,16:17:59,26488.2
1096,2020-12-27,16:18:00,26492.0
1097,2020-12-27,16:18:01,26488.2
1098,2020-12-27,16:18:02,26488.2
1099,2020-12-27,16:18:03,26488.2
1100,2020-12-27,16:18:04,26488.2
1101,2020-12-27,16:18:05,26475.2
1102,2020-12-27,16:18:06,26492.0
1103,2020-12-27,16:18:07,26492.0
1104,2020-12-27,16:18:08,26475.2
1105,2020-12-27,16:18:09,26475.2
1106,2020-12-27,16:18:10,26492.0
1107,2020-12-27,16:18:11,26488.2
1108,2020-12-27,16:18:12,26488.2
1109,2020-12-27,16:18:13,26492.0
1110,2020-12-27,16:18:15,26488.2
1111,2020-12-27,16:18:16,26492.0
1112,2020-12-27,16:18:17,26488.2
1113,2020-12-27,16:18:18,26488.2
1114,2020-12-27,16:18:19,26488.2
1115,2020-12-27,16:18:20,26488.2
1116,2020-12-27,16:18:21,26491.7
1117,2020-12-27,16:18:22,26491.7
1118,2020-12-27,16:18:23,26488.2
1119,2020-12-27,16:18:23,26491.0
1120,2020-12-27,16:18:24,26500.3
1121,2020-12-27,16:18:26,26500.3
1122,2020-12-27,16:18:27,26491.0
1123,2020-12-27,16:18:28,26491.0
1124,2020-12-27,16:18:29,26492.0
1125,2020-12-27,16:18:30,26491.0
1126,2020-12-27,16:18:31,26500.3
1127,2020-12-27,16:18:32,26491.0
1128,2020-12-27,16:18:33,26500.3
1129,2020-12-27,16:18:34,26500.3
1130,2020-12-27,16:18:35,26491.0
1131,2020-12-27,16:18:36,26491.7
1132,2020-12-27,16:18:37,26491.0
1133,2020-12-27,16:18:38,26491.7
1134,2020-12-27,16:18:39,26491.0
1135,2020-12-27,16:18:40,26492.0
1136,2020-12-27,16:18:41,26474.7
1137,2020-12-27,16:18:42,26500.3
1138,2020-12-27,16:18:43,26491.0
1139,2020-12-27,16:18:44,26500.3
1140,2020-12-27,16:18:45,26474.7
1141,2020-12-27,16:18:46,26500.3
1142,2020-12-27,16:18:47,26491.7
1143,2020-12-27,16:18:48,26500.3
1144,2020-12-27,16:18:49,26500.3
1145,2020-12-27,16:18:50,26471.8
1146,2020-12-27,16:18:51,26500.3
1147,2020-12-27,16:18:52,26471.8
1148,2020-12-27,16:18:53,26465.6
1149,2020-12-27,16:18:54,26500.3
1150,2020-12-27,16:18:55,26474.7
1151,2020-12-27,16:18:56,26465.6
1152,2020-12-27,16:18:57,26465.6
1153,2020-12-27,16:18:58,26465.6
1154,2020-12-27,16:18:59,26471.8
1155,2020-12-27,16:19:00,26474.7
1156,2020-12-27,16:19:01,26465.6
1157,2020-12-27,16:19:02,26474.7
1158,2020-12-27,16:19:03,26465.6
1159,2020-12-27,16:19:05,26465.6
1160,2020-12-27,16:19:05,26461.4
1161,2020-12-27,16:19:06,26471.8
1162,2020-12-27,16:19:07,26465.6
1163,2020-12-27,16:19:08,26474.7
1164,2020-12-27,16:19:09,26465.6
1165,2020-12-27,16:19:10,26471.8
1166,2020-12-27,16:19:12,26465.6
1167,2020-12-27,16:19:13,26461.4
1168,2020-12-27,16:19:17,26465.6
1169,2020-12-27,16:19:18,26497.3
1170,2020-12-27,16:19:21,26461.4
1171,2020-12-27,16:19:22,26497.3
1172,2020-12-27,16:19:23,26497.3
1173,2020-12-27,16:19:24,26516.7
1174,2020-12-27,16:19:25,26516.7
1175,2020-12-27,16:19:26,26524.2
1176,2020-12-27,16:19:27,26461.4
1177,2020-12-27,16:19:28,26524.2
1178,2020-12-27,16:19:29,26516.7
1179,2020-12-27,16:19:30,26461.4
1180,2020-12-27,16:19:31,26497.3
1181,2020-12-27,16:19:32,26516.7
1182,2020-12-27,16:19:33,26516.7
1183,2020-12-27,16:19:34,26516.7
1184,2020-12-27,16:19:35,26497.3
1185,2020-12-27,16:19:36,26516.7
1186,2020-12-27,16:19:37,26516.7
1187,2020-12-27,16:19:38,26516.7
1188,2020-12-27,16:19:39,26516.7
1189,2020-12-27,16:19:40,26524.2
1190,2020-12-27,16:19:41,26516.7
1191,2020-12-27,16:19:42,26516.7
1192,2020-12-27,16:19:43,26516.7
1193,2020-12-27,16:19:44,26516.7
1194,2020-12-27,16:19:45,26516.7
1195,2020-12-27,16:19:46,26516.7
1196,2020-12-27,16:19:47,26516.7
1197,2020-12-27,16:19:48,26516.7
1198,2020-12-27,16:19:49,26516.7
1199,2020-12-27,16:19:50,26547.0
1200,2020-12-27,16:19:51,26530.2
1201,2020-12-27,16:19:52,26573.6
1202,2020-12-27,16:19:53,26516.7
1203,2020-12-27,16:19:54,26573.6
1204,2020-12-27,16:19:55,26516.7
1205,2020-12-27,16:19:56,26573.6
1206,2020-12-27,16:19:57,26573.0
1207,2020-12-27,16:19:58,26530.2
1208,2020-12-27,16:19:59,26573.0
1209,2020-12-27,16:20:00,26573.0
1210,2020-12-27,16:20:01,26573.0
1211,2020-12-27,16:20:02,26573.6
1212,2020-12-27,16:20:03,26530.2
1213,2020-12-27,16:20:04,26573.0
1214,2020-12-27,16:20:05,26573.0
1215,2020-12-27,16:20:06,26547.0
1216,2020-12-27,16:20:07,26573.0
1217,2020-12-27,16:20:08,26573.0
1218,2020-12-27,16:20:09,26547.0
1219,2020-12-27,16:20:10,26530.2
1220,2020-12-27,16:20:11,26530.2
1221,2020-12-27,16:20:12,26573.0
1222,2020-12-27,16:20:14,26573.6
1223,2020-12-27,16:20:15,26547.0
1224,2020-12-27,16:20:16,26564.5
1225,2020-12-27,16:20:17,26564.5
1226,2020-12-27,16:20:18,26573.0
1227,2020-12-27,16:20:19,26573.0
1228,2020-12-27,16:20:20,26564.5
1229,2020-12-27,16:20:21,26564.5
1230,2020-12-27,16:20:23,26568.6
1231,2020-12-27,16:20:24,26568.6
1232,2020-12-27,16:20:25,26573.0
1233,2020-12-27,16:20:26,26564.5
1234,2020-12-27,16:20:27,26568.6
1235,2020-12-27,16:20:29,26577.4
1236,2020-12-27,16:20:30,26577.4
1237,2020-12-27,16:20:41,26577.4
1238,2020-12-27,16:20:43,26564.5
1239,2020-12-27,16:20:44,26568.6
1240,2020-12-27,16:20:45,26577.4
1241,2020-12-27,16:20:46,26577.4
1242,2020-12-27,16:20:47,26568.6
1243,2020-12-27,16:20:48,26553.3
1244,2020-12-27,16:20:49,26568.6
1245,2020-12-27,16:20:50,26577.4
1246,2020-12-27,16:20:51,26577.4
1247,2020-12-27,16:20:52,26573.4
1248,2020-12-27,16:20:53,26577.4
1249,2020-12-27,16:20:54,26529.8
1250,2020-12-27,16:20:55,26553.3
1251,2020-12-27,16:20:56,26553.3
1252,2020-12-27,16:20:57,26529.8
1253,2020-12-27,16:20:58,26573.4
1254,2020-12-27,16:20:59,26535.3
1255,2020-12-27,16:21:00,26553.3
1256,2020-12-27,16:21:01,26505.9
1257,2020-12-27,16:21:02,26553.3
1258,2020-12-27,16:21:03,26529.8
1259,2020-12-27,16:21:04,26529.8
1260,2020-12-27,16:21:05,26505.9
1261,2020-12-27,16:21:06,26505.9
1262,2020-12-27,16:21:07,26529.8
1263,2020-12-27,16:21:08,26505.9
1264,2020-12-27,16:21:09,26553.3
1265,2020-12-27,16:21:10,26505.9
1266,2020-12-27,16:21:11,26505.9
1267,2020-12-27,16:21:18,26505.9
1268,2020-12-27,16:21:19,26505.9
1269,2020-12-27,16:21:20,26529.8
1270,2020-12-27,16:21:21,26500.1
1271,2020-12-27,16:21:23,26505.9
1272,2020-12-27,16:21:24,26505.9
1273,2020-12-27,16:21:25,26500.1
1274,2020-12-27,16:21:26,26505.9
1275,2020-12-27,16:21:27,26500.1
1276,2020-12-27,16:21:28,26500.0
1277,2020-12-27,16:21:29,26500.0
1278,2020-12-27,16:21:30,26476.2
1279,2020-12-27,16:21:31,26500.0
1280,2020-12-27,16:21:32,26500.0
1281,2020-12-27,16:21:33,26500.0
1282,2020-12-27,16:21:34,26500.0
1283,2020-12-27,16:21:35,26476.2
1284,2020-12-27,16:21:36,26500.1
1285,2020-12-27,16:21:37,26500.1
1286,2020-12-27,16:21:38,26500.0
1287,2020-12-27,16:21:39,26500.0
1288,2020-12-27,16:21:40,26500.0
1289,2020-12-27,16:21:41,26500.1
1290,2020-12-27,16:21:42,26500.0
1291,2020-12-27,16:21:43,26500.0
1292,2020-12-27,16:21:44,26500.1
1293,2020-12-27,16:21:45,26500.0
1294,2020-12-27,16:21:46,26500.1
1295,2020-12-27,16:21:47,26500.1
1296,2020-12-27,16:21:48,26476.2
1297,2020-12-27,16:21:49,26500.0
1298,2020-12-27,16:21:50,26500.0
1299,2020-12-27,16:21:51,26500.1
1300,2020-12-27,16:21:52,26494.2
1301,2020-12-27,16:21:53,26479.5
1302,2020-12-27,16:21:54,26494.2
1303,2020-12-27,16:21:55,26500.0
1304,2020-12-27,16:21:56,26500.0
1305,2020-12-27,16:21:57,26479.5
1306,2020-12-27,16:21:58,26479.5
1307,2020-12-27,16:21:59,26494.2
1308,2020-12-27,16:22:01,26479.5
1309,2020-12-27,16:22:02,26471.0
1310,2020-12-27,16:22:03,26494.2
1311,2020-12-27,16:22:04,26471.0
1312,2020-12-27,16:22:05,26494.2
1313,2020-12-27,16:22:06,26471.0
1314,2020-12-27,16:22:07,26471.0
1315,2020-12-27,16:22:08,26494.2
1316,2020-12-27,16:22:09,26471.0
1317,2020-12-27,16:22:10,26471.0
1318,2020-12-27,16:22:11,26471.0
1319,2020-12-27,16:22:12,26479.5
1320,2020-12-27,16:22:13,26471.0
1321,2020-12-27,16:22:14,26494.2
1322,2020-12-27,16:22:15,26494.2
1323,2020-12-27,16:22:16,26499.9
1324,2020-12-27,16:22:17,26494.2
1325,2020-12-27,16:22:18,26499.9
1326,2020-12-27,16:22:19,26494.2
1327,2020-12-27,16:22:20,26471.0
1328,2020-12-27,16:22:21,26494.2
1329,2020-12-27,16:22:22,26494.2
1330,2020-12-27,16:22:23,26494.2
1331,2020-12-27,16:22:24,26494.2
1332,2020-12-27,16:22:25,26471.0
1333,2020-12-27,16:22:26,26521.0
1334,2020-12-27,16:22:27,26564.4
1335,2020-12-27,16:22:28,26521.0
1336,2020-12-27,16:22:29,26499.9
1337,2020-12-27,16:22:30,26471.0
1338,2020-12-27,16:22:31,26520.9
1339,2020-12-27,16:22:32,26564.4
1340,2020-12-27,16:22:33,26499.9
1341,2020-12-27,16:22:34,26520.9
1342,2020-12-27,16:22:35,26520.9
1343,2020-12-27,16:22:36,26521.0
1344,2020-12-27,16:22:37,26520.9
1345,2020-12-27,16:22:38,26564.4
1346,2020-12-27,16:22:39,26564.4
1347,2020-12-27,16:22:40,26564.4
1348,2020-12-27,16:22:41,26499.9
1349,2020-12-27,16:22:42,26564.4
1350,2020-12-27,16:22:43,26521.0
1351,2020-12-27,16:22:44,26520.9
1352,2020-12-27,16:22:45,26564.4
1353,2020-12-27,16:22:46,26521.0
1354,2020-12-27,16:22:47,26520.9
1355,2020-12-27,16:22:48,26521.0
1356,2020-12-27,16:22:49,26587.6
1357,2020-12-27,16:22:50,26521.0
1358,2020-12-27,16:22:51,26587.6
1359,2020-12-27,16:22:52,26564.4
1360,2020-12-27,16:22:53,26587.6
1361,2020-12-27,16:22:54,26564.4
1362,2020-12-27,16:22:55,26564.4
1363,2020-12-27,16:22:56,26564.4
1364,2020-12-27,16:22:57,26588.3
1365,2020-12-27,16:22:58,26588.3
1366,2020-12-27,16:22:59,26588.3
1367,2020-12-27,16:23:00,26564.4
1368,2020-12-27,16:23:01,26588.3
1369,2020-12-27,16:23:02,26593.3
1370,2020-12-27,16:23:03,26593.3
1371,2020-12-27,16:23:04,26588.3
1372,2020-12-27,16:23:05,26593.3
1373,2020-12-27,16:23:06,26587.6
1374,2020-12-27,16:23:08,26588.3
1375,2020-12-27,16:23:09,26588.3
1376,2020-12-27,16:23:10,26593.3
1377,2020-12-27,16:23:11,26588.3
1378,2020-12-27,16:23:12,26587.6
1379,2020-12-27,16:23:13,26593.3
1380,2020-12-27,16:23:14,26593.3
1381,2020-12-27,16:23:15,26588.3
1382,2020-12-27,16:23:16,26593.3
1383,2020-12-27,16:23:17,26588.3
1384,2020-12-27,16:23:18,26593.3
1385,2020-12-27,16:23:19,26593.3
1386,2020-12-27,16:23:20,26588.3
1387,2020-12-27,16:23:21,26588.3
1388,2020-12-27,16:23:22,26588.3
1389,2020-12-27,16:23:23,26593.3
1390,2020-12-27,16:23:24,26591.5
1391,2020-12-27,16:23:25,26588.3
1392,2020-12-27,16:23:26,26593.3
1393,2020-12-27,16:23:27,26579.1
1394,2020-12-27,16:23:28,26579.1
1395,2020-12-27,16:23:29,26579.1
1396,2020-12-27,16:23:30,26591.5
1397,2020-12-27,16:23:31,26637.8
1398,2020-12-27,16:23:32,26677.5
1399,2020-12-27,16:23:33,26591.5
1400,2020-12-27,16:23:34,26634.8
1401,2020-12-27,16:23:35,26634.8
1402,2020-12-27,16:23:36,26579.1
1403,2020-12-27,16:23:37,26634.8
1404,2020-12-27,16:23:38,26677.5
1405,2020-12-27,16:23:39,26677.5
1406,2020-12-27,16:23:39,26677.5
1407,2020-12-27,16:23:40,26579.1
1408,2020-12-27,16:23:42,26591.5
1409,2020-12-27,16:23:43,26591.5
1410,2020-12-27,16:23:44,26677.5
1411,2020-12-27,16:23:45,26591.5
1412,2020-12-27,16:23:46,26677.5
1413,2020-12-27,16:23:47,26634.8
1414,2020-12-27,16:23:48,26677.5
1415,2020-12-27,16:23:49,26661.9
1416,2020-12-27,16:23:50,26634.8
1417,2020-12-27,16:23:51,26634.8
1418,2020-12-27,16:23:52,26677.5
1419,2020-12-27,16:23:53,26677.5
1420,2020-12-27,16:23:54,26634.8
1421,2020-12-27,16:23:55,26677.5
1422,2020-12-27,16:23:56,26686.7
1423,2020-12-27,16:23:57,26686.6
1424,2020-12-27,16:23:58,26686.7
1425,2020-12-27,16:23:59,26661.9
1426,2020-12-27,16:24:00,26686.6
1427,2020-12-27,16:24:01,26686.6
1428,2020-12-27,16:24:02,26686.6
1429,2020-12-27,16:24:03,26689.5
1430,2020-12-27,16:24:04,26686.7
1431,2020-12-27,16:24:05,26686.7
1432,2020-12-27,16:24:06,26686.7
1433,2020-12-27,16:24:07,26689.5
1434,2020-12-27,16:24:08,26661.9
1435,2020-12-27,16:24:09,26689.5
1436,2020-12-27,16:24:10,26689.5
1437,2020-12-27,16:24:11,26686.6
1438,2020-12-27,16:24:12,26661.9
1439,2020-12-27,16:24:13,26689.5
1440,2020-12-27,16:24:14,26661.9
1441,2020-12-27,16:24:15,26686.6
1442,2020-12-27,16:24:16,26686.7
1443,2020-12-27,16:24:17,26686.7
1444,2020-12-27,16:24:18,26686.6
1445,2020-12-27,16:24:19,26686.6
1446,2020-12-27,16:24:20,26689.5
1447,2020-12-27,16:24:21,26714.3
1448,2020-12-27,16:24:22,26782.5
1449,2020-12-27,16:24:23,26689.5
1450,2020-12-27,16:24:24,26686.7
1451,2020-12-27,16:24:25,26782.5
1452,2020-12-27,16:24:26,26686.7
1453,2020-12-27,16:24:27,26770.9
1454,2020-12-27,16:24:28,26770.9
1455,2020-12-27,16:24:29,26768.6
1456,2020-12-27,16:24:30,26768.6
1457,2020-12-27,16:24:31,26714.3
1458,2020-12-27,16:24:32,26768.6
1459,2020-12-27,16:24:33,26750.4
1460,2020-12-27,16:24:34,26757.7
1461,2020-12-27,16:24:35,26757.7
1462,2020-12-27,16:24:36,26782.5
1463,2020-12-27,16:24:37,26782.5
1464,2020-12-27,16:24:38,26750.4
1465,2020-12-27,16:24:39,26757.7
1466,2020-12-27,16:24:40,26757.7
1467,2020-12-27,16:24:42,26770.9
1468,2020-12-27,16:24:43,26757.7
1469,2020-12-27,16:24:43,26782.5
1470,2020-12-27,16:24:45,26757.7
1471,2020-12-27,16:24:46,26750.4
1472,2020-12-27,16:24:47,26768.6
1473,2020-12-27,16:24:48,26757.7
1474,2020-12-27,16:24:49,26724.8
1475,2020-12-27,16:24:50,26782.5
1476,2020-12-27,16:24:51,26757.7
1477,2020-12-27,16:24:52,26757.7
1478,2020-12-27,16:24:53,26714.5
1479,2020-12-27,16:24:54,26750.4
1480,2020-12-27,16:24:55,26757.7
1481,2020-12-27,16:24:56,26757.7
1482,2020-12-27,16:24:57,26750.4
1483,2020-12-27,16:24:58,26724.8
1484,2020-12-27,16:24:59,26757.7
1485,2020-12-27,16:25:00,26716.8
1486,2020-12-27,16:25:01,26714.5
1487,2020-12-27,16:25:02,26757.7
1488,2020-12-27,16:25:03,26757.7
1489,2020-12-27,16:25:04,26724.8
1490,2020-12-27,16:25:05,26746.3
1491,2020-12-27,16:25:06,26746.3
1492,2020-12-27,16:25:07,26736.8
1493,2020-12-27,16:25:08,26724.8
1494,2020-12-27,16:25:09,26736.8
1495,2020-12-27,16:25:10,26714.5
1496,2020-12-27,16:25:11,26714.5
1497,2020-12-27,16:25:12,26746.3
1498,2020-12-27,16:25:13,26714.5
1499,2020-12-27,16:25:14,26724.8
1500,2020-12-27,16:25:15,26724.8
1501,2020-12-27,16:25:16,26746.3
1502,2020-12-27,16:25:17,26736.8
1503,2020-12-27,16:25:18,26714.5
1504,2020-12-27,16:25:19,26736.8
1505,2020-12-27,16:25:20,26736.8
1506,2020-12-27,16:25:21,26716.8
1507,2020-12-27,16:25:22,26716.8
1508,2020-12-27,16:25:23,26746.3
1509,2020-12-27,16:25:24,26716.8
1510,2020-12-27,16:25:25,26736.8
1511,2020-12-27,16:25:26,26736.8
1512,2020-12-27,16:25:27,26736.8
1513,2020-12-27,16:25:28,26721.9
1514,2020-12-27,16:25:29,26721.9
1515,2020-12-27,16:25:30,26736.8
1516,2020-12-27,16:25:31,26721.9
1517,2020-12-27,16:25:32,26725.5
1518,2020-12-27,16:25:33,26725.5
1519,2020-12-27,16:25:34,26725.4
1520,2020-12-27,16:25:35,26725.5
1521,2020-12-27,16:25:36,26725.7
1522,2020-12-27,16:25:41,26725.5
1523,2020-12-27,16:25:42,26725.5
1524,2020-12-27,16:25:43,26721.9
1525,2020-12-27,16:25:44,26725.4
1526,2020-12-27,16:25:45,26725.7
1527,2020-12-27,16:25:46,26725.4
1528,2020-12-27,16:25:47,26725.5
1529,2020-12-27,16:25:48,26725.4
1530,2020-12-27,16:25:49,26725.4
1531,2020-12-27,16:25:50,26725.4
1532,2020-12-27,16:25:51,26725.5
1533,2020-12-27,16:25:52,26725.4
1534,2020-12-27,16:25:53,26725.5
1535,2020-12-27,16:25:54,26725.5
1536,2020-12-27,16:25:55,26725.4
1537,2020-12-27,16:25:56,26725.5
1538,2020-12-27,16:25:57,26708.0
1539,2020-12-27,16:25:58,26725.4
1540,2020-12-27,16:25:59,26703.1
1541,2020-12-27,16:26:00,26725.4
1542,2020-12-27,16:26:01,26703.1
1543,2020-12-27,16:26:02,26708.0
1544,2020-12-27,16:26:03,26703.1
1545,2020-12-27,16:26:04,26725.4
1546,2020-12-27,16:26:05,26703.1
1547,2020-12-27,16:26:06,26703.1
1548,2020-12-27,16:26:07,26703.1
1549,2020-12-27,16:26:08,26703.1
1550,2020-12-27,16:26:09,26708.0
1551,2020-12-27,16:26:10,26703.1
1552,2020-12-27,16:26:11,26703.1
1553,2020-12-27,16:26:12,26703.1
1554,2020-12-27,16:26:16,26703.1
1555,2020-12-27,16:26:17,26703.1
1556,2020-12-27,16:26:18,26703.1
1557,2020-12-27,16:26:19,26703.1
1558,2020-12-27,16:26:20,26703.1
1559,2020-12-27,16:26:21,26703.1
1560,2020-12-27,16:26:22,26703.1
1561,2020-12-27,16:26:23,26703.1
1562,2020-12-27,16:26:24,26703.1
1563,2020-12-27,16:26:25,26692.1
1564,2020-12-27,16:26:26,26692.0
1565,2020-12-27,16:26:27,26692.0
1566,2020-12-27,16:26:28,26692.0
1567,2020-12-27,16:26:29,26703.1
1568,2020-12-27,16:26:30,26692.1
1569,2020-12-27,16:26:31,26692.0
1570,2020-12-27,16:26:32,26692.1
1571,2020-12-27,16:26:33,26692.0
1572,2020-12-27,16:26:34,26692.0
1573,2020-12-27,16:26:35,26692.0
1574,2020-12-27,16:26:36,26692.0
1575,2020-12-27,16:26:37,26692.1
1576,2020-12-27,16:26:38,26692.1
1577,2020-12-27,16:26:39,26692.0
1578,2020-12-27,16:26:40,26692.0
1579,2020-12-27,16:26:41,26692.1
1580,2020-12-27,16:26:42,26692.0
1581,2020-12-27,16:26:43,26692.1
1582,2020-12-27,16:26:44,26692.1
1583,2020-12-27,16:26:45,26692.1
1584,2020-12-27,16:26:46,26705.2
1585,2020-12-27,16:26:47,26692.1
1586,2020-12-27,16:26:48,26692.1
1587,2020-12-27,16:26:49,26692.1
1588,2020-12-27,16:26:50,26692.0
1589,2020-12-27,16:26:51,26692.0
1590,2020-12-27,16:26:52,26692.0
1591,2020-12-27,16:26:53,26692.0
1592,2020-12-27,16:26:54,26692.1
1593,2020-12-27,16:26:55,26692.0
1594,2020-12-27,16:26:56,26692.0
1595,2020-12-27,16:26:57,26753.1
1596,2020-12-27,16:26:58,26753.0
1597,2020-12-27,16:26:59,26753.1
1598,2020-12-27,16:27:00,26753.0
1599,2020-12-27,16:27:01,26710.4
1600,2020-12-27,16:27:02,26753.0
1601,2020-12-27,16:27:04,26753.0
1602,2020-12-27,16:27:05,26751.5
1603,2020-12-27,16:27:06,26753.1
1604,2020-12-27,16:27:07,26753.0
1605,2020-12-27,16:27:08,26751.5
1606,2020-12-27,16:27:09,26753.1
1607,2020-12-27,16:27:10,26751.5
1608,2020-12-27,16:27:11,26753.0
1609,2020-12-27,16:27:12,26753.0
1610,2020-12-27,16:27:13,26722.6
1611,2020-12-27,16:27:14,26753.0
1612,2020-12-27,16:27:15,26753.0
1613,2020-12-27,16:27:16,26753.1
1614,2020-12-27,16:27:17,26751.5
1615,2020-12-27,16:27:18,26753.0
1616,2020-12-27,16:27:19,26753.1
1617,2020-12-27,16:27:20,26751.5
1618,2020-12-27,16:27:21,26706.0
1619,2020-12-27,16:27:22,26753.0
1620,2020-12-27,16:27:23,26706.0
1621,2020-12-27,16:27:24,26706.0
1622,2020-12-27,16:27:26,26706.0
1623,2020-12-27,16:27:27,26751.5
1624,2020-12-27,16:27:28,26751.5
1625,2020-12-27,16:27:29,26722.6
1626,2020-12-27,16:27:30,26706.0
1627,2020-12-27,16:27:31,26722.6
1628,2020-12-27,16:27:32,26751.5
1629,2020-12-27,16:27:33,26706.0
1630,2020-12-27,16:27:34,26751.5
1631,2020-12-27,16:27:35,26722.6
1632,2020-12-27,16:27:36,26722.6
1633,2020-12-27,16:27:37,26706.0
1634,2020-12-27,16:27:38,26706.0
1635,2020-12-27,16:27:39,26706.0
1636,2020-12-27,16:27:40,26706.0
1637,2020-12-27,16:27:41,26706.0
1638,2020-12-27,16:27:42,26706.0
1639,2020-12-27,16:27:43,26706.0
1640,2020-12-27,16:27:44,26706.0
1641,2020-12-27,16:27:45,26706.0
1642,2020-12-27,16:27:46,26706.0
1643,2020-12-27,16:27:47,26706.0
1644,2020-12-27,16:27:48,26706.0
1645,2020-12-27,16:27:50,26706.0
1646,2020-12-27,16:27:51,26706.0
1647,2020-12-27,16:27:52,26706.0
1648,2020-12-27,16:27:53,26706.0
1649,2020-12-27,16:27:54,26706.0
1650,2020-12-27,16:27:55,26706.0
1651,2020-12-27,16:27:58,26706.0
1652,2020-12-27,16:27:59,26706.0
1653,2020-12-27,16:28:00,26705.6
1654,2020-12-27,16:28:01,26706.0
1655,2020-12-27,16:28:02,26705.6
1656,2020-12-27,16:28:03,26705.6
1657,2020-12-27,16:28:05,26705.6
1658,2020-12-27,16:28:06,26706.0
1659,2020-12-27,16:28:07,26705.9
1660,2020-12-27,16:28:08,26700.1
1661,2020-12-27,16:28:09,26705.6
1662,2020-12-27,16:28:10,26700.1
1663,2020-12-27,16:28:11,26700.1
1664,2020-12-27,16:28:12,26700.1
1665,2020-12-27,16:28:13,26705.6
1666,2020-12-27,16:28:14,26700.1
1667,2020-12-27,16:28:15,26700.1
1668,2020-12-27,16:28:16,26700.1
1669,2020-12-27,16:28:18,26705.9
1670,2020-12-27,16:28:19,26700.1
1671,2020-12-27,16:28:20,26700.1
1672,2020-12-27,16:28:21,26705.6
1673,2020-12-27,16:28:22,26700.1
1674,2020-12-27,16:28:23,26700.1
1675,2020-12-27,16:28:24,26700.1
1676,2020-12-27,16:28:25,26705.6
1677,2020-12-27,16:28:26,26700.1
1678,2020-12-27,16:28:27,26700.1
1679,2020-12-27,16:28:28,26700.1
1680,2020-12-27,16:28:29,26700.1
1681,2020-12-27,16:28:30,26700.1
1682,2020-12-27,16:28:31,26700.1
1683,2020-12-27,16:28:32,26700.1
1684,2020-12-27,16:28:33,26700.1
1685,2020-12-27,16:28:34,26686.8
1686,2020-12-27,16:28:35,26700.1
1687,2020-12-27,16:28:36,26700.1
1688,2020-12-27,16:28:37,26700.1
1689,2020-12-27,16:28:38,26686.8
1690,2020-12-27,16:28:39,26686.8
1691,2020-12-27,16:28:40,26686.8
1692,2020-12-27,16:28:41,26686.8
1693,2020-12-27,16:28:42,26700.1
1694,2020-12-27,16:28:43,26686.8
1695,2020-12-27,16:28:44,26686.8
1696,2020-12-27,16:28:45,26686.8
1697,2020-12-27,16:28:46,26686.8
1698,2020-12-27,16:28:47,26686.8
1699,2020-12-27,16:28:48,26700.1
1700,2020-12-27,16:28:49,26686.8
1701,2020-12-27,16:28:50,26686.8
1702,2020-12-27,16:28:51,26686.8
1703,2020-12-27,16:28:52,26686.8
1704,2020-12-27,16:28:53,26686.8
1705,2020-12-27,16:28:54,26686.8
1706,2020-12-27,16:28:55,26680.0
1707,2020-12-27,16:28:56,26686.8
1708,2020-12-27,16:28:57,26680.1
1709,2020-12-27,16:28:58,26680.0
1710,2020-12-27,16:28:59,26680.1
1711,2020-12-27,16:29:00,26686.8
1712,2020-12-27,16:29:01,26686.8
1713,2020-12-27,16:29:02,26680.1
1714,2020-12-27,16:29:03,26686.8
1715,2020-12-27,16:29:04,26680.2
1716,2020-12-27,16:29:05,26680.1
1717,2020-12-27,16:29:06,26680.2
1718,2020-12-27,16:29:07,26680.1
1719,2020-12-27,16:29:08,26680.2
1720,2020-12-27,16:29:09,26680.2
1721,2020-12-27,16:29:10,26686.8
1722,2020-12-27,16:29:11,26680.0
1723,2020-12-27,16:29:12,26680.0
1724,2020-12-27,16:29:13,26680.2
1725,2020-12-27,16:29:14,26680.1
1726,2020-12-27,16:29:15,26680.2
1727,2020-12-27,16:29:16,26680.1
1728,2020-12-27,16:29:17,26680.2
1729,2020-12-27,16:29:18,26680.2
1730,2020-12-27,16:29:19,26680.0
1731,2020-12-27,16:29:20,26680.2
1732,2020-12-27,16:29:21,26680.1
1733,2020-12-27,16:29:22,26680.2
1734,2020-12-27,16:29:23,26680.2
1735,2020-12-27,16:29:26,26689.7
1736,2020-12-27,16:29:27,26680.1
1737,2020-12-27,16:29:28,26694.4
1738,2020-12-27,16:29:29,26680.2
1739,2020-12-27,16:29:30,26694.4
1740,2020-12-27,16:29:31,26689.7
1741,2020-12-27,16:29:32,26694.4
1742,2020-12-27,16:29:33,26680.2
1743,2020-12-27,16:29:34,26680.2
1744,2020-12-27,16:29:35,26689.7
1745,2020-12-27,16:29:36,26694.4
1746,2020-12-27,16:29:37,26689.7
1747,2020-12-27,16:29:38,26689.7
1748,2020-12-27,16:29:39,26680.2
1749,2020-12-27,16:29:40,26680.2
1750,2020-12-27,16:29:41,26703.9
1751,2020-12-27,16:29:42,26689.7
1752,2020-12-27,16:29:43,26703.9
1753,2020-12-27,16:29:44,26703.9
1754,2020-12-27,16:29:45,26689.7
1755,2020-12-27,16:29:46,26689.7
1756,2020-12-27,16:29:47,26703.9
1757,2020-12-27,16:29:48,26694.4
1758,2020-12-27,16:29:49,26703.9
1759,2020-12-27,16:29:50,26694.4
1760,2020-12-27,16:29:52,26704.0
1761,2020-12-27,16:29:53,26703.9
1762,2020-12-27,16:29:54,26703.9
1763,2020-12-27,16:29:55,26703.9
1764,2020-12-27,16:29:55,26689.7
1765,2020-12-27,16:29:56,26704.0
1766,2020-12-27,16:29:58,26703.9
1767,2020-12-27,16:29:58,26706.0
1768,2020-12-27,16:30:00,26706.0
1769,2020-12-27,16:30:01,26706.0
1770,2020-12-27,16:30:02,26706.0
1771,2020-12-27,16:30:04,26706.0
1772,2020-12-27,16:30:05,26704.0
1773,2020-12-27,16:30:06,26712.5
1774,2020-12-27,16:30:07,26712.5
1775,2020-12-27,16:30:08,26720.0
1776,2020-12-27,16:30:09,26720.0
1777,2020-12-27,16:30:10,26706.0
1778,2020-12-27,16:30:11,26706.0
1779,2020-12-27,16:30:12,26706.0
1780,2020-12-27,16:30:13,26720.0
1781,2020-12-27,16:30:14,26706.0
1782,2020-12-27,16:30:15,26712.5
1783,2020-12-27,16:30:16,26706.0
1784,2020-12-27,16:30:17,26706.0
1785,2020-12-27,16:30:18,26720.0
1786,2020-12-27,16:30:19,26720.0
1787,2020-12-27,16:30:20,26704.0
1788,2020-12-27,16:30:22,26712.5
1789,2020-12-27,16:30:23,26720.0
1790,2020-12-27,16:30:24,26720.0
1791,2020-12-27,16:30:25,26706.0
1792,2020-12-27,16:30:26,26779.7
1793,2020-12-27,16:30:27,26720.0
1794,2020-12-27,16:30:28,26712.5
1795,2020-12-27,16:30:29,26769.9
1796,2020-12-27,16:30:30,26712.5
1797,2020-12-27,16:30:31,26720.0
1798,2020-12-27,16:30:32,26769.9
1799,2020-12-27,16:30:33,26769.9
1800,2020-12-27,16:30:34,26769.9
1801,2020-12-27,16:30:35,26769.9
1802,2020-12-27,16:30:36,26720.0
1803,2020-12-27,16:30:39,26780.2
1804,2020-12-27,16:30:40,26780.2
1805,2020-12-27,16:30:41,26769.9
1806,2020-12-27,16:30:42,26769.9
1807,2020-12-27,16:30:43,26779.7
1808,2020-12-27,16:30:44,26769.9
1809,2020-12-27,16:30:45,26769.9
1810,2020-12-27,16:30:46,26769.9
1811,2020-12-27,16:30:48,26780.2
1812,2020-12-27,16:30:49,26769.9
1813,2020-12-27,16:30:50,26780.2
1814,2020-12-27,16:30:51,26780.2
1815,2020-12-27,16:30:52,26769.9
1816,2020-12-27,16:30:53,26779.7
1817,2020-12-27,16:30:54,26769.9
1818,2020-12-27,16:30:55,26780.2
1819,2020-12-27,16:30:56,26780.2
1820,2020-12-27,16:30:57,26800.2
1821,2020-12-27,16:30:58,26780.2
1822,2020-12-27,16:30:59,26769.9
1823,2020-12-27,16:31:00,26800.0
1824,2020-12-27,16:31:02,26780.2
1825,2020-12-27,16:31:03,26800.1
1826,2020-12-27,16:31:04,26794.5
1827,2020-12-27,16:31:05,26800.0
1828,2020-12-27,16:31:06,26772.4
1829,2020-12-27,16:31:07,26800.2
1830,2020-12-27,16:31:08,26780.2
1831,2020-12-27,16:31:09,26800.0
1832,2020-12-27,16:31:10,26780.2
1833,2020-12-27,16:31:11,26800.0
1834,2020-12-27,16:31:12,26780.2
1835,2020-12-27,16:31:13,26800.0
1836,2020-12-27,16:31:15,26800.0
1837,2020-12-27,16:31:16,26794.5
1838,2020-12-27,16:31:17,26794.5
1839,2020-12-27,16:31:18,26782.8
1840,2020-12-27,16:31:19,26794.5
1841,2020-12-27,16:31:20,26772.4
1842,2020-12-27,16:31:21,26800.0
1843,2020-12-27,16:31:22,26794.5
1844,2020-12-27,16:31:23,26800.1
1845,2020-12-27,16:31:24,26782.9
1846,2020-12-27,16:31:25,26772.4
1847,2020-12-27,16:31:26,26782.9
1848,2020-12-27,16:31:27,26800.1
1849,2020-12-27,16:31:28,26782.9
1850,2020-12-27,16:31:29,26782.8
1851,2020-12-27,16:31:30,26782.9
1852,2020-12-27,16:31:31,26772.4
1853,2020-12-27,16:31:32,26794.5
1854,2020-12-27,16:31:33,26772.4
1855,2020-12-27,16:31:34,26782.8
1856,2020-12-27,16:31:35,26782.9
1857,2020-12-27,16:31:36,26782.9
1858,2020-12-27,16:31:37,26785.6
1859,2020-12-27,16:31:38,26785.1
1860,2020-12-27,16:31:39,26785.1
1861,2020-12-27,16:31:40,26782.8
1862,2020-12-27,16:31:41,26782.9
1863,2020-12-27,16:31:42,26782.9
1864,2020-12-27,16:31:43,26782.8
1865,2020-12-27,16:31:44,26782.9
1866,2020-12-27,16:31:45,26785.1
1867,2020-12-27,16:31:51,26782.9
1868,2020-12-27,16:31:52,26785.6
1869,2020-12-27,16:31:53,26785.6
1870,2020-12-27,16:31:54,26782.9
1871,2020-12-27,16:31:55,26782.9
1872,2020-12-27,16:31:56,26754.8
1873,2020-12-27,16:31:57,26782.9
1874,2020-12-27,16:31:58,26785.1
1875,2020-12-27,16:31:59,26754.8
1876,2020-12-27,16:32:00,26784.9
1877,2020-12-27,16:32:01,26735.9
1878,2020-12-27,16:32:06,26733.8
1879,2020-12-27,16:32:07,26735.9
1880,2020-12-27,16:32:13,26719.5
1881,2020-12-27,16:32:14,26784.9
1882,2020-12-27,16:32:15,26719.5
1883,2020-12-27,16:32:16,26719.5
1884,2020-12-27,16:32:17,26735.9
1885,2020-12-27,16:32:19,26719.5
1886,2020-12-27,16:32:20,26719.5
1887,2020-12-27,16:32:22,26719.5
1888,2020-12-27,16:32:23,26732.5
1889,2020-12-27,16:32:24,26732.5
1890,2020-12-27,16:32:25,26733.8
1891,2020-12-27,16:32:26,26719.5
1892,2020-12-27,16:32:27,26732.5
1893,2020-12-27,16:32:28,26719.5
1894,2020-12-27,16:32:29,26719.5
1895,2020-12-27,16:32:30,26732.5
1896,2020-12-27,16:32:31,26732.5
1897,2020-12-27,16:32:32,26732.5
1898,2020-12-27,16:32:33,26732.5
1899,2020-12-27,16:32:34,26732.5
1900,2020-12-27,16:32:36,26732.5
1901,2020-12-27,16:32:37,26719.5
1902,2020-12-27,16:32:41,26732.5
1903,2020-12-27,16:32:42,26732.5
1904,2020-12-27,16:32:43,26757.0
1905,2020-12-27,16:32:44,26732.5
1906,2020-12-27,16:32:45,26757.0
1907,2020-12-27,16:32:46,26732.5
1908,2020-12-27,16:32:47,26732.5
1909,2020-12-27,16:32:49,26732.5
1910,2020-12-27,16:32:50,26744.3
1911,2020-12-27,16:32:51,26744.3
1912,2020-12-27,16:32:52,26732.5
1913,2020-12-27,16:32:53,26732.5
1914,2020-12-27,16:32:54,26757.0
1915,2020-12-27,16:32:55,26732.5
1916,2020-12-27,16:32:56,26732.5
1917,2020-12-27,16:32:57,26732.5
1918,2020-12-27,16:32:58,26757.0
1919,2020-12-27,16:32:59,26732.5
1920,2020-12-27,16:33:00,26732.5
1921,2020-12-27,16:33:01,26744.3
1922,2020-12-27,16:33:02,26732.5
1923,2020-12-27,16:33:03,26744.4
1924,2020-12-27,16:33:04,26744.4
1925,2020-12-27,16:33:05,26744.4
1926,2020-12-27,16:33:06,26744.4
1927,2020-12-27,16:33:07,26744.3
1928,2020-12-27,16:33:08,26744.4
1929,2020-12-27,16:33:09,26744.4
1930,2020-12-27,16:33:10,26744.4
1931,2020-12-27,16:33:11,26744.4
1932,2020-12-27,16:33:12,26744.4
1933,2020-12-27,16:33:13,26744.4
1934,2020-12-27,16:33:14,26744.4
1935,2020-12-27,16:33:15,26744.4
1936,2020-12-27,16:33:16,26744.4
1937,2020-12-27,16:33:17,26744.4
1938,2020-12-27,16:33:18,26744.4
1939,2020-12-27,16:33:19,26744.4
1940,2020-12-27,16:33:20,26744.4
1941,2020-12-27,16:33:21,26744.4
1942,2020-12-27,16:33:22,26744.4
1943,2020-12-27,16:33:23,26744.4
1944,2020-12-27,16:33:24,26744.4
1945,2020-12-27,16:33:25,26744.4
1946,2020-12-27,16:33:26,26744.4
1947,2020-12-27,16:33:27,26744.4
1948,2020-12-27,16:33:28,26744.4
1949,2020-12-27,16:33:29,26801.7
1950,2020-12-27,16:33:30,26801.7
1951,2020-12-27,16:33:31,26801.7
1952,2020-12-27,16:33:32,26801.7
1953,2020-12-27,16:33:34,26801.7
1954,2020-12-27,16:33:35,26801.7
1955,2020-12-27,16:33:36,26809.2
1956,2020-12-27,16:33:37,26801.7
1957,2020-12-27,16:33:38,26809.2
1958,2020-12-27,16:33:39,26801.7
1959,2020-12-27,16:33:40,26801.7
1960,2020-12-27,16:33:41,26801.7
1961,2020-12-27,16:33:42,26801.7
1962,2020-12-27,16:33:43,26809.2
1963,2020-12-27,16:33:44,26801.7
1964,2020-12-27,16:33:45,26801.7
1965,2020-12-27,16:33:46,26809.2
1966,2020-12-27,16:33:47,26801.7
1967,2020-12-27,16:33:48,26809.2
1968,2020-12-27,16:33:49,26801.7
1969,2020-12-27,16:33:52,26801.7
1970,2020-12-27,16:33:53,26809.2
1971,2020-12-27,16:33:54,26809.2
1972,2020-12-27,16:33:55,26801.7
1973,2020-12-27,16:33:56,26835.7
1974,2020-12-27,16:33:57,26845.8
1975,2020-12-27,16:33:58,26835.7
1976,2020-12-27,16:33:59,26845.8
1977,2020-12-27,16:34:00,26835.7
1978,2020-12-27,16:34:01,26835.7
1979,2020-12-27,16:34:02,26809.3
1980,2020-12-27,16:34:03,26809.3
1981,2020-12-27,16:34:04,26846.2
1982,2020-12-27,16:34:05,26846.2
1983,2020-12-27,16:34:06,26835.7
1984,2020-12-27,16:34:07,26846.2
1985,2020-12-27,16:34:08,26846.2
1986,2020-12-27,16:34:09,26846.2
1987,2020-12-27,16:34:10,26846.3
1988,2020-12-27,16:34:11,26846.2
1989,2020-12-27,16:34:12,26845.8
1990,2020-12-27,16:34:13,26846.3
1991,2020-12-27,16:34:15,26846.2
1992,2020-12-27,16:34:16,26845.8
1993,2020-12-27,16:34:17,26846.2
1994,2020-12-27,16:34:17,26846.2
1995,2020-12-27,16:34:19,26845.8
1996,2020-12-27,16:34:20,26846.3
1997,2020-12-27,16:34:21,26846.3
1998,2020-12-27,16:34:22,26845.8
1999,2020-12-27,16:34:23,26846.2
2000,2020-12-27,16:34:24,26845.8
2001,2020-12-27,16:34:25,26846.2
2002,2020-12-27,16:34:26,26846.3
2003,2020-12-27,16:34:27,26846.2
2004,2020-12-27,16:34:28,26846.6
2005,2020-12-27,16:34:29,26846.6
2006,2020-12-27,16:34:30,26845.9
2007,2020-12-27,16:34:32,26846.2
2008,2020-12-27,16:34:33,26846.3
2009,2020-12-27,16:34:34,26846.3
2010,2020-12-27,16:34:35,26891.9
2011,2020-12-27,16:34:36,26845.9
2012,2020-12-27,16:34:37,26846.3
2013,2020-12-27,16:34:38,26845.9
2014,2020-12-27,16:34:39,26891.9
2015,2020-12-27,16:34:40,26886.0
2016,2020-12-27,16:34:42,26891.9
2017,2020-12-27,16:34:43,26846.3
2018,2020-12-27,16:34:44,26846.3
2019,2020-12-27,16:34:45,26891.9
2020,2020-12-27,16:34:46,26845.9
2021,2020-12-27,16:34:47,26846.3
2022,2020-12-27,16:34:48,26845.9
2023,2020-12-27,16:34:49,26846.6
2024,2020-12-27,16:34:50,26845.9
2025,2020-12-27,16:34:55,26845.9
2026,2020-12-27,16:34:57,26845.9
2027,2020-12-27,16:34:58,26891.9
2028,2020-12-27,16:34:59,26886.0
2029,2020-12-27,16:35:01,26886.0
2030,2020-12-27,16:35:02,26886.0
2031,2020-12-27,16:35:03,26891.9
2032,2020-12-27,16:35:04,26886.0
2033,2020-12-27,16:35:05,26855.4
2034,2020-12-27,16:35:06,26867.1
2035,2020-12-27,16:35:09,26867.1
2036,2020-12-27,16:35:10,26886.0
2037,2020-12-27,16:35:10,26886.0
2038,2020-12-27,16:35:12,26867.1
2039,2020-12-27,16:35:13,26855.4
2040,2020-12-27,16:35:14,26855.4
2041,2020-12-27,16:35:15,26867.1
2042,2020-12-27,16:35:16,26866.3
2043,2020-12-27,16:35:17,26866.3
2044,2020-12-27,16:35:18,26855.4
2045,2020-12-27,16:35:19,26855.4
2046,2020-12-27,16:35:20,26866.3
2047,2020-12-27,16:35:21,26867.1
2048,2020-12-27,16:35:22,26885.9
2049,2020-12-27,16:35:23,26867.1
2050,2020-12-27,16:35:24,26866.3
2051,2020-12-27,16:35:25,26867.1
2052,2020-12-27,16:35:26,26876.4
2053,2020-12-27,16:35:27,26855.4
2054,2020-12-27,16:35:28,26855.4
2055,2020-12-27,16:35:30,26866.3
2056,2020-12-27,16:35:32,26841.6
2057,2020-12-27,16:35:32,26876.4
2058,2020-12-27,16:35:33,26841.6
2059,2020-12-27,16:35:34,26866.3
2060,2020-12-27,16:35:35,26876.4
2061,2020-12-27,16:35:36,26866.3
2062,2020-12-27,16:35:37,26876.4
2063,2020-12-27,16:35:38,26885.9
2064,2020-12-27,16:35:39,26841.6
2065,2020-12-27,16:35:41,26841.6
2066,2020-12-27,16:35:42,26841.6
2067,2020-12-27,16:35:43,26876.4
2068,2020-12-27,16:35:44,26873.1
2069,2020-12-27,16:35:45,26841.6
2070,2020-12-27,16:35:46,26866.6
2071,2020-12-27,16:35:47,26885.9
2072,2020-12-27,16:35:48,26873.1
2073,2020-12-27,16:35:49,26876.4
2074,2020-12-27,16:35:50,26876.4
2075,2020-12-27,16:35:52,26841.6
2076,2020-12-27,16:35:53,26876.4
2077,2020-12-27,16:35:54,26873.3
2078,2020-12-27,16:35:55,26841.6
2079,2020-12-27,16:35:56,26873.3
2080,2020-12-27,16:35:57,26841.6
2081,2020-12-27,16:35:58,26866.6
2082,2020-12-27,16:35:59,26841.6
2083,2020-12-27,16:36:00,26873.3
2084,2020-12-27,16:36:01,26874.6
2085,2020-12-27,16:36:02,26874.6
2086,2020-12-27,16:36:03,26873.0
2087,2020-12-27,16:36:04,26874.6
2088,2020-12-27,16:36:05,26873.0
2089,2020-12-27,16:36:06,26873.0
2090,2020-12-27,16:36:07,26874.6
2091,2020-12-27,16:36:08,26873.0
2092,2020-12-27,16:36:09,26866.6
2093,2020-12-27,16:36:10,26874.6
2094,2020-12-27,16:36:11,26873.0
2095,2020-12-27,16:36:12,26873.0
2096,2020-12-27,16:36:13,26865.8
2097,2020-12-27,16:36:14,26874.6
2098,2020-12-27,16:36:15,26873.0
2099,2020-12-27,16:36:16,26873.0
2100,2020-12-27,16:36:18,26874.6
2101,2020-12-27,16:36:19,26865.8
2102,2020-12-27,16:36:20,26873.0
2103,2020-12-27,16:36:21,26874.6
2104,2020-12-27,16:36:22,26873.0
2105,2020-12-27,16:36:23,26873.0
2106,2020-12-27,16:36:24,26873.0
2107,2020-12-27,16:36:25,26859.0
2108,2020-12-27,16:36:26,26865.8
2109,2020-12-27,16:36:27,26865.8
2110,2020-12-27,16:36:28,26865.8
2111,2020-12-27,16:36:29,26873.0
2112,2020-12-27,16:36:30,26873.0
2113,2020-12-27,16:36:31,26798.3
2114,2020-12-27,16:36:32,26798.3
2115,2020-12-27,16:36:33,26823.6
2116,2020-12-27,16:36:34,26798.3
2117,2020-12-27,16:36:35,26823.6
2118,2020-12-27,16:36:36,26798.3
2119,2020-12-27,16:36:37,26823.6
2120,2020-12-27,16:36:38,26798.3
2121,2020-12-27,16:36:39,26798.3
2122,2020-12-27,16:36:40,26859.0
2123,2020-12-27,16:36:41,26798.3
2124,2020-12-27,16:36:42,26817.7
2125,2020-12-27,16:36:43,26798.3
2126,2020-12-27,16:36:44,26859.0
2127,2020-12-27,16:36:45,26859.0
2128,2020-12-27,16:36:46,26823.6
2129,2020-12-27,16:36:47,26823.6
2130,2020-12-27,16:36:49,26798.3
2131,2020-12-27,16:36:50,26798.3
2132,2020-12-27,16:36:51,26823.6
2133,2020-12-27,16:36:52,26798.3
2134,2020-12-27,16:36:53,26798.3
2135,2020-12-27,16:36:54,26817.7
2136,2020-12-27,16:36:55,26798.3
2137,2020-12-27,16:36:55,26823.6
2138,2020-12-27,16:36:57,26823.6
2139,2020-12-27,16:36:58,26817.7
2140,2020-12-27,16:36:59,26817.7
2141,2020-12-27,16:37:00,26817.7
2142,2020-12-27,16:37:01,26817.7
2143,2020-12-27,16:37:02,26823.6
2144,2020-12-27,16:37:03,26823.6
2145,2020-12-27,16:37:04,26817.7
2146,2020-12-27,16:37:05,26833.2
2147,2020-12-27,16:37:06,26833.2
2148,2020-12-27,16:37:07,26833.2
2149,2020-12-27,16:37:08,26833.2
2150,2020-12-27,16:37:09,26833.2
2151,2020-12-27,16:37:10,26833.2
2152,2020-12-27,16:37:11,26817.7
2153,2020-12-27,16:37:12,26833.2
2154,2020-12-27,16:37:13,26833.2
2155,2020-12-27,16:37:14,26833.2
2156,2020-12-27,16:37:15,26833.2
2157,2020-12-27,16:37:16,26833.2
2158,2020-12-27,16:37:17,26833.2
2159,2020-12-27,16:37:18,26833.2
2160,2020-12-27,16:37:19,26833.2
2161,2020-12-27,16:37:20,26828.2
2162,2020-12-27,16:37:21,26832.5
2163,2020-12-27,16:37:22,26833.2
2164,2020-12-27,16:37:23,26833.2
2165,2020-12-27,16:37:25,26828.2
2166,2020-12-27,16:37:26,26832.5
2167,2020-12-27,16:37:27,26833.2
2168,2020-12-27,16:37:28,26833.2
2169,2020-12-27,16:37:29,26828.2
2170,2020-12-27,16:37:29,26833.2
2171,2020-12-27,16:37:30,26833.2
2172,2020-12-27,16:37:32,26828.2
2173,2020-12-27,16:37:32,26840.0
2174,2020-12-27,16:37:33,26833.2
2175,2020-12-27,16:37:34,26840.0
2176,2020-12-27,16:37:36,26840.0
2177,2020-12-27,16:37:37,26840.0
2178,2020-12-27,16:37:38,26832.5
2179,2020-12-27,16:37:39,26828.2
2180,2020-12-27,16:37:40,26840.0
2181,2020-12-27,16:37:41,26840.0
2182,2020-12-27,16:37:42,26832.5
2183,2020-12-27,16:37:43,26840.0
2184,2020-12-27,16:37:44,26828.2
2185,2020-12-27,16:37:45,26840.0
2186,2020-12-27,16:37:46,26840.0
2187,2020-12-27,16:37:47,26840.0
2188,2020-12-27,16:37:48,26828.2
2189,2020-12-27,16:37:49,26831.8
2190,2020-12-27,16:37:50,26840.0
2191,2020-12-27,16:37:51,26831.8
2192,2020-12-27,16:37:52,26840.0
2193,2020-12-27,16:37:53,26840.0
2194,2020-12-27,16:37:54,26831.8
2195,2020-12-27,16:37:55,26831.8
2196,2020-12-27,16:37:56,26840.0
2197,2020-12-27,16:37:57,26840.0
2198,2020-12-27,16:37:58,26831.8
2199,2020-12-27,16:37:59,26831.8
2200,2020-12-27,16:38:00,26840.0
2201,2020-12-27,16:38:01,26840.0
2202,2020-12-27,16:38:02,26840.0
2203,2020-12-27,16:38:03,26831.8
2204,2020-12-27,16:38:04,26840.0
2205,2020-12-27,16:38:05,26831.8
2206,2020-12-27,16:38:06,26840.0
2207,2020-12-27,16:38:07,26831.8
2208,2020-12-27,16:38:08,26840.0
2209,2020-12-27,16:38:09,26831.8
2210,2020-12-27,16:38:10,26840.0
2211,2020-12-27,16:38:11,26831.8
2212,2020-12-27,16:38:12,26831.8
2213,2020-12-27,16:38:13,26840.0
2214,2020-12-27,16:38:14,26831.8
2215,2020-12-27,16:38:16,26840.0
2216,2020-12-27,16:38:17,26840.0
2217,2020-12-27,16:38:18,26840.0
2218,2020-12-27,16:38:20,26840.0
2219,2020-12-27,16:38:21,26872.3
2220,2020-12-27,16:38:22,26840.0
2221,2020-12-27,16:38:23,26840.0
2222,2020-12-27,16:38:24,26840.0
2223,2020-12-27,16:38:25,26840.0
2224,2020-12-27,16:38:26,26891.1
2225,2020-12-27,16:38:27,26840.0
2226,2020-12-27,16:38:28,26891.1
2227,2020-12-27,16:38:29,26891.1
2228,2020-12-27,16:38:30,26891.1
2229,2020-12-27,16:38:31,26840.0
2230,2020-12-27,16:38:32,26905.3
2231,2020-12-27,16:38:33,26905.3
2232,2020-12-27,16:38:34,26905.3
2233,2020-12-27,16:38:35,26905.3
2234,2020-12-27,16:38:36,26872.3
2235,2020-12-27,16:38:37,26905.3
2236,2020-12-27,16:38:38,26917.1
2237,2020-12-27,16:38:39,26905.3
2238,2020-12-27,16:38:40,26905.3
2239,2020-12-27,16:38:41,26891.1
2240,2020-12-27,16:38:42,26872.3
2241,2020-12-27,16:38:43,26872.3
2242,2020-12-27,16:38:44,26872.3
2243,2020-12-27,16:38:45,26891.1
2244,2020-12-27,16:38:46,26905.3
2245,2020-12-27,16:38:47,26891.1
2246,2020-12-27,16:38:48,26905.3
2247,2020-12-27,16:38:49,26905.3
2248,2020-12-27,16:38:50,26905.3
2249,2020-12-27,16:38:52,26929.1
2250,2020-12-27,16:38:53,26905.3
2251,2020-12-27,16:38:54,26905.3
2252,2020-12-27,16:38:55,26917.1
2253,2020-12-27,16:38:56,26929.1
2254,2020-12-27,16:38:57,26905.3
2255,2020-12-27,16:38:58,26905.3
2256,2020-12-27,16:39:00,26940.0
2257,2020-12-27,16:39:01,26929.1
2258,2020-12-27,16:39:02,26940.0
2259,2020-12-27,16:39:03,26925.8
2260,2020-12-27,16:39:04,26925.8
2261,2020-12-27,16:39:05,26940.0
2262,2020-12-27,16:39:06,26925.8
2263,2020-12-27,16:39:07,26911.4
2264,2020-12-27,16:39:08,26925.8
2265,2020-12-27,16:39:09,26911.4
2266,2020-12-27,16:39:10,26929.1
2267,2020-12-27,16:39:11,26929.1
2268,2020-12-27,16:39:12,26940.0
2269,2020-12-27,16:39:13,26911.4
2270,2020-12-27,16:39:14,26911.4
2271,2020-12-27,16:39:15,26911.4
2272,2020-12-27,16:39:16,26911.4
2273,2020-12-27,16:39:17,26940.0
2274,2020-12-27,16:39:18,26940.0
2275,2020-12-27,16:39:19,26911.4
2276,2020-12-27,16:39:20,26925.8
2277,2020-12-27,16:39:21,26925.8
2278,2020-12-27,16:39:22,26911.4
2279,2020-12-27,16:39:23,26895.8
2280,2020-12-27,16:39:24,26925.8
2281,2020-12-27,16:39:25,26895.8
2282,2020-12-27,16:39:26,26895.8
2283,2020-12-27,16:39:27,26895.8
2284,2020-12-27,16:39:28,26911.4
2285,2020-12-27,16:39:29,26895.8
2286,2020-12-27,16:39:30,26911.4
2287,2020-12-27,16:39:31,26898.1
2288,2020-12-27,16:39:32,26898.1
2289,2020-12-27,16:39:32,26911.4
2290,2020-12-27,16:39:33,26911.4
2291,2020-12-27,16:39:34,26911.4
2292,2020-12-27,16:39:35,26898.1
2293,2020-12-27,16:39:36,26898.1
2294,2020-12-27,16:39:37,26895.8
2295,2020-12-27,16:39:38,26898.1
2296,2020-12-27,16:39:39,26895.8
2297,2020-12-27,16:39:40,26895.8
2298,2020-12-27,16:39:41,26925.5
2299,2020-12-27,16:39:42,26925.5
2300,2020-12-27,17:10:12,27140.8
2301,2020-12-27,17:10:13,27139.7
2302,2020-12-27,17:10:14,27139.7
2303,2020-12-27,17:10:16,27139.7
2304,2020-12-27,17:10:17,27161.0
2305,2020-12-27,17:10:18,27139.7
2306,2020-12-27,17:10:19,27139.7
2307,2020-12-27,17:10:21,27139.7
2308,2020-12-27,17:10:22,27148.9
2309,2020-12-27,17:10:23,27139.7
2310,2020-12-27,17:10:24,27161.0
2311,2020-12-27,17:10:25,27161.0
2312,2020-12-27,17:10:26,27139.7
2313,2020-12-27,17:10:27,27161.0
2314,2020-12-27,17:10:28,27161.0
2315,2020-12-27,17:10:29,27124.3
2316,2020-12-27,17:10:30,27124.3
2317,2020-12-27,17:10:31,27124.3
2318,2020-12-27,17:10:33,27159.8
2319,2020-12-27,17:10:34,27148.9
2320,2020-12-27,17:10:35,27159.8
2321,2020-12-27,17:10:36,27161.0
2322,2020-12-27,17:10:37,27149.3
2323,2020-12-27,17:10:38,27124.3
2324,2020-12-27,17:10:39,27159.8
2325,2020-12-27,17:10:40,27159.8
2326,2020-12-27,17:10:41,27159.8
2327,2020-12-27,17:10:42,27161.0
2328,2020-12-27,17:10:43,27149.3
2329,2020-12-27,17:10:44,27148.9
2330,2020-12-27,17:10:45,27159.8
2331,2020-12-27,17:10:46,27148.9
2332,2020-12-27,17:10:47,27159.8
2333,2020-12-27,17:10:48,27149.3
2334,2020-12-27,17:10:49,27149.3
2335,2020-12-27,17:10:50,27159.8
2336,2020-12-27,17:10:51,27154.1
2337,2020-12-27,17:10:52,27159.8
2338,2020-12-27,17:10:53,27154.1
2339,2020-12-27,17:10:54,27159.8
2340,2020-12-27,17:10:55,27135.4
2341,2020-12-27,17:10:56,27154.1
2342,2020-12-27,17:10:57,27130.1
2343,2020-12-27,17:10:58,27154.1
2344,2020-12-27,17:10:59,27125.0
2345,2020-12-27,17:11:01,27130.1
2346,2020-12-27,17:11:02,27130.1
2347,2020-12-27,17:11:04,27125.0
2348,2020-12-27,17:11:05,27135.4
2349,2020-12-27,17:11:06,27135.4
2350,2020-12-27,17:11:07,27125.0
2351,2020-12-27,17:11:08,27110.1
2352,2020-12-27,17:11:09,27125.0
2353,2020-12-27,17:11:10,27130.1
2354,2020-12-27,17:11:11,27125.0
2355,2020-12-27,17:11:12,27125.0
2356,2020-12-27,17:11:13,27130.1
2357,2020-12-27,17:11:14,27125.0
2358,2020-12-27,17:11:15,27130.1
2359,2020-12-27,17:11:16,27135.4
2360,2020-12-27,17:11:17,27110.1
2361,2020-12-27,17:11:18,27105.6
2362,2020-12-27,17:11:19,27125.0
2363,2020-12-27,17:11:20,27121.5
2364,2020-12-27,17:11:21,27130.1
2365,2020-12-27,17:11:22,27105.6
2366,2020-12-27,17:11:23,27125.0
2367,2020-12-27,17:11:24,27105.6
2368,2020-12-27,17:11:25,27111.9
2369,2020-12-27,17:11:26,27111.9
2370,2020-12-27,17:11:27,27125.0
2371,2020-12-27,17:11:28,27125.0
2372,2020-12-27,17:11:29,27110.1
2373,2020-12-27,17:11:29,27113.9
2374,2020-12-27,17:11:30,27111.9
2375,2020-12-27,17:11:32,27111.9
2376,2020-12-27,17:11:32,27111.9
2377,2020-12-27,17:11:33,27113.9
2378,2020-12-27,17:11:34,27113.9
2379,2020-12-27,17:11:35,27121.5
2380,2020-12-27,17:11:36,27111.9
2381,2020-12-27,17:11:37,27113.9
2382,2020-12-27,17:11:38,27111.9
2383,2020-12-27,17:11:39,27113.9
2384,2020-12-27,17:11:41,27113.9
2385,2020-12-27,17:11:42,27111.9
2386,2020-12-27,17:11:43,27111.9
2387,2020-12-27,17:11:44,27078.9
2388,2020-12-27,17:11:45,27121.5
2389,2020-12-27,17:11:46,27113.9
2390,2020-12-27,17:11:47,27121.5
2391,2020-12-27,17:11:48,27113.9
2392,2020-12-27,17:11:48,27078.9
2393,2020-12-27,17:11:49,27111.9
2394,2020-12-27,17:11:50,27111.9
2395,2020-12-27,17:11:51,27113.9
2396,2020-12-27,17:11:52,27113.9
2397,2020-12-27,17:11:53,27113.9
2398,2020-12-27,17:11:54,27113.9
2399,2020-12-27,17:11:55,27078.9
2400,2020-12-27,17:11:56,27113.9
2401,2020-12-27,17:11:57,27113.9
2402,2020-12-27,17:11:58,27113.9
2403,2020-12-27,17:11:59,27113.9
2404,2020-12-27,17:12:00,27078.9
2405,2020-12-27,17:12:01,27078.9
2406,2020-12-27,17:12:02,27078.9
2407,2020-12-27,17:12:03,27078.9
2408,2020-12-27,17:12:04,27078.9
2409,2020-12-27,17:12:05,27113.7
2410,2020-12-27,17:12:06,27078.9
2411,2020-12-27,17:12:07,27113.7
2412,2020-12-27,17:12:08,27113.7
2413,2020-12-27,17:12:09,27078.9
2414,2020-12-27,17:12:10,27113.7
2415,2020-12-27,17:12:11,27111.0
2416,2020-12-27,17:12:12,27113.7
2417,2020-12-27,17:12:12,27113.7
2418,2020-12-27,17:12:13,27092.5
2419,2020-12-27,17:12:14,27092.5
2420,2020-12-27,17:12:15,27113.7
2421,2020-12-27,17:12:16,27113.7
2422,2020-12-27,17:12:17,27113.7
2423,2020-12-27,17:12:18,27111.0
2424,2020-12-27,17:12:19,27113.7
2425,2020-12-27,17:12:20,27111.0
2426,2020-12-27,17:12:21,27113.7
2427,2020-12-27,17:12:22,27113.7
2428,2020-12-27,17:12:23,27110.9
2429,2020-12-27,17:12:24,27092.5
2430,2020-12-27,17:12:25,27113.7
2431,2020-12-27,17:12:26,27113.7
2432,2020-12-27,17:12:27,27111.0
2433,2020-12-27,17:12:28,27092.5
2434,2020-12-27,17:12:29,27113.7
2435,2020-12-27,17:12:30,27110.9
2436,2020-12-27,17:12:31,27088.0
2437,2020-12-27,17:12:32,27110.9
2438,2020-12-27,17:12:33,27088.0
2439,2020-12-27,17:12:34,27111.0
2440,2020-12-27,17:12:35,27088.0
2441,2020-12-27,17:12:36,27088.0
2442,2020-12-27,17:12:37,27088.0
2443,2020-12-27,17:12:38,27088.0
2444,2020-12-27,17:14:11,27075.5
2445,2020-12-27,17:14:12,27075.5
2446,2020-12-27,17:14:13,27075.5
2447,2020-12-27,17:14:14,27075.5
2448,2020-12-27,17:14:15,27075.5
2449,2020-12-27,17:14:16,27075.5
2450,2020-12-27,17:14:17,27075.5
2451,2020-12-27,17:14:18,27075.5
2452,2020-12-27,17:14:19,27075.5
2453,2020-12-27,17:14:20,27075.5
2454,2020-12-27,17:14:21,27100.9
2455,2020-12-27,17:27:47,27205.7
2456,2020-12-27,17:27:48,27229.3
2457,2020-12-27,17:27:49,27212.7
2458,2020-12-27,17:27:50,27212.7
2459,2020-12-27,17:27:51,27212.7
2460,2020-12-27,17:27:52,27229.3
2461,2020-12-27,17:27:53,27205.7
2462,2020-12-27,17:27:54,27229.3
2463,2020-12-27,17:27:55,27205.7
2464,2020-12-27,17:27:56,27229.3
2465,2020-12-27,17:27:57,27212.7
2466,2020-12-27,17:27:57,27205.7
2467,2020-12-27,17:27:59,27212.7
2468,2020-12-27,17:27:59,27213.2
2469,2020-12-27,17:28:00,27212.7
2470,2020-12-27,17:28:01,27214.5
2471,2020-12-27,17:28:02,27214.5
2472,2020-12-27,17:28:03,27214.5
2473,2020-12-27,17:28:04,27213.2
2474,2020-12-27,17:28:05,27212.7
2475,2020-12-27,17:28:06,27214.5
2476,2020-12-27,17:28:07,27213.2
2477,2020-12-27,17:28:08,27214.5
2478,2020-12-27,17:28:09,27214.5
2479,2020-12-27,17:28:10,27214.5
2480,2020-12-27,17:28:11,27212.7
2481,2020-12-27,17:28:12,27212.7
2482,2020-12-27,17:28:13,27214.5
2483,2020-12-27,17:28:14,27213.0
2484,2020-12-27,17:28:15,27213.0
2485,2020-12-27,17:28:16,27213.0
2486,2020-12-27,17:28:17,27213.2
2487,2020-12-27,17:28:18,27213.0
2488,2020-12-27,17:28:19,27213.0
2489,2020-12-27,17:28:20,27214.5
2490,2020-12-27,17:28:21,27214.5
2491,2020-12-27,17:28:22,27213.0
2492,2020-12-27,17:28:23,27214.5
2493,2020-12-27,17:28:24,27213.0
2494,2020-12-27,17:28:25,27213.0
2495,2020-12-27,17:28:26,27213.0
2496,2020-12-27,17:28:27,27214.5
2497,2020-12-27,17:28:28,27213.0
2498,2020-12-27,17:28:29,27182.1
2499,2020-12-27,17:28:30,27182.1
2500,2020-12-27,17:28:31,27214.5
2501,2020-12-27,17:28:31,27213.0
2502,2020-12-27,17:28:32,27200.1
2503,2020-12-27,17:28:34,27213.0
2504,2020-12-27,17:28:35,27180.0
2505,2020-12-27,05:47:17PM,27260.1
2506,2020-12-27,05:47:18PM,27260.1
2507,2020-12-27,05:47:19PM,27260.1
2508,2020-12-27,05:47:20PM,27260.0
2509,2020-12-27,05:47:21PM,27260.1
2510,2020-12-27,05:47:22PM,27260.1
2511,2020-12-27,05:47:23PM,27260.0
2512,2020-12-27,05:47:24PM,27260.1
2513,2020-12-27,05:47:25PM,27260.1
2514,2020-12-27,05:47:25PM,27260.1
2515,2020-12-27,05:47:26PM,27260.0
2516,2020-12-27,05:47:27PM,27260.1
2517,2020-12-27,05:47:28PM,27260.1
2518,2020-12-27,05:47:29PM,27260.1
2519,2020-12-27,05:47:32PM,27218.4
2520,2020-12-27,05:47:33PM,27260.0
2521,2020-12-27,05:47:36PM,27250.0
2522,2020-12-27,05:47:37PM,27219.4
2523,2020-12-27,05:47:38PM,27260.0
2524,2020-12-27,05:47:39PM,27250.0
2525,2020-12-27,05:47:40PM,27219.4
2526,2020-12-27,05:47:41PM,27218.4
2527,2020-12-27,05:47:42PM,27218.4
2528,2020-12-27,05:47:43PM,27218.4
2529,2020-12-27,05:47:44PM,27250.0
2530,2020-12-27,05:47:45PM,27218.4
2531,2020-12-27,05:47:46PM,27219.4
2532,2020-12-27,05:47:46PM,27260.0
2533,2020-12-27,05:47:47PM,27218.4
2534,2020-12-27,05:47:48PM,27219.4
2535,2020-12-27,05:47:49PM,27250.0
2536,2020-12-27,05:47:50PM,27218.4
2537,2020-12-27,05:47:51PM,27218.4
2538,2020-12-27,05:47:52PM,27218.4
2539,2020-12-27,05:47:53PM,27218.4
2540,2020-12-27,05:47:54PM,27218.4
2541,2020-12-27,05:47:55PM,27218.4
2542,2020-12-27,05:47:56PM,27218.4
2543,2020-12-27,05:47:57PM,27219.4
2544,2020-12-27,05:47:58PM,27218.4
2545,2020-12-27,05:47:59PM,27218.4
2546,2020-12-27,05:48:00PM,27219.4
2547,2020-12-27,05:48:01PM,27219.4
2548,2020-12-27,05:48:02PM,27219.4
2549,2020-12-27,05:48:03PM,27223.0
2550,2020-12-27,05:48:04PM,27223.0
2551,2020-12-27,05:48:05PM,27205.0
2552,2020-12-27,05:48:06PM,27218.4
2553,2020-12-27,05:48:06PM,27205.0
2554,2020-12-27,05:48:07PM,27223.0
2555,2020-12-27,05:48:08PM,27223.0
2556,2020-12-27,05:48:09PM,27223.0
2557,2020-12-27,05:48:10PM,27223.0
2558,2020-12-27,05:48:11PM,27223.0
2559,2020-12-27,05:48:12PM,27223.0
2560,2020-12-27,05:48:13PM,27218.4
2561,2020-12-27,05:48:14PM,27205.0
2562,2020-12-27,05:48:15PM,27223.0
2563,2020-12-27,05:48:17PM,27223.0
2564,2020-12-27,05:48:17PM,27223.0
2565,2020-12-27,05:48:18PM,27223.0
2566,2020-12-27,05:48:19PM,27223.0
2567,2020-12-27,05:48:20PM,27219.0
2568,2020-12-27,05:48:21PM,27223.0
2569,2020-12-27,05:48:22PM,27205.0
2570,2020-12-27,05:48:23PM,27219.0
2571,2020-12-27,05:48:24PM,27223.0
2572,2020-12-27,05:48:25PM,27219.0
2573,2020-12-27,05:48:26PM,27223.0
2574,2020-12-27,05:48:27PM,27219.0
2575,2020-12-27,05:48:28PM,27196.0
2576,2020-12-27,05:48:29PM,27196.0
2577,2020-12-27,05:48:30PM,27223.0
2578,2020-12-27,05:48:31PM,27223.0
2579,2020-12-27,05:48:32PM,27196.0
2580,2020-12-27,05:48:33PM,27202.1
2581,2020-12-27,05:48:34PM,27196.0
2582,2020-12-27,05:48:35PM,27223.0
2583,2020-12-27,05:48:36PM,27196.0
2584,2020-12-27,05:48:37PM,27219.0
2585,2020-12-27,05:48:38PM,27196.0
2586,2020-12-27,05:48:39PM,27202.1
2587,2020-12-27,05:48:40PM,27219.0
2588,2020-12-27,05:48:41PM,27219.0
2589,2020-12-27,05:48:42PM,27196.0
2590,2020-12-27,05:48:43PM,27202.1
2591,2020-12-27,05:48:44PM,27202.1
2592,2020-12-27,05:48:45PM,27219.0
2593,2020-12-27,05:48:46PM,27219.0
2594,2020-12-27,05:48:46PM,27202.1
2595,2020-12-27,05:48:47PM,27196.0
2596,2020-12-27,05:48:48PM,27202.1
2597,2020-12-27,05:48:49PM,27202.1
2598,2020-12-27,05:48:50PM,27202.1
2599,2020-12-27,05:48:51PM,27196.0
2600,2020-12-27,05:48:52PM,27196.0
2601,2020-12-27,05:48:53PM,27203.7
2602,2020-12-27,05:48:54PM,27202.1
2603,2020-12-27,05:48:55PM,27196.0
2604,2020-12-27,05:48:56PM,27202.1
2605,2020-12-27,05:48:57PM,27196.0
2606,2020-12-27,05:48:58PM,27203.7
2607,2020-12-27,05:48:59PM,27196.0
2608,2020-12-27,05:49:00PM,27203.7
2609,2020-12-27,05:49:01PM,27203.7
2610,2020-12-27,05:49:02PM,27202.1
2611,2020-12-27,05:49:03PM,27208.9
2612,2020-12-27,05:49:04PM,27208.9
2613,2020-12-27,05:49:05PM,27208.9
2614,2020-12-27,05:49:06PM,27203.7
2615,2020-12-27,05:49:07PM,27203.7
2616,2020-12-27,05:49:08PM,27208.9
2617,2020-12-27,05:49:09PM,27208.9
2618,2020-12-27,05:49:10PM,27203.7
2619,2020-12-27,05:49:11PM,27208.9
2620,2020-12-27,05:49:11PM,27203.7
2621,2020-12-27,05:49:18PM,27171.1
2622,2020-12-27,05:49:19PM,27201.7
2623,2020-12-27,05:49:20PM,27208.9
2624,2020-12-27,05:49:21PM,27201.7
2625,2020-12-27,05:49:22PM,27208.9
2626,2020-12-27,05:49:23PM,27203.7
2627,2020-12-27,05:49:24PM,27208.9
2628,2020-12-27,05:49:25PM,27201.7
2629,2020-12-27,05:49:26PM,27208.9
2630,2020-12-27,05:49:27PM,27208.9
2631,2020-12-27,05:49:28PM,27208.9
2632,2020-12-27,05:49:29PM,27208.9
2633,2020-12-27,05:49:29PM,27208.9
2634,2020-12-27,05:49:30PM,27171.1
2635,2020-12-27,05:49:31PM,27208.9
2636,2020-12-27,05:49:32PM,27208.9
2637,2020-12-27,05:49:33PM,27201.7
2638,2020-12-27,05:49:34PM,27173.3
2639,2020-12-27,05:49:35PM,27171.1
2640,2020-12-27,05:49:36PM,27171.1
2641,2020-12-27,05:49:39PM,27170.2
2642,2020-12-27,05:49:40PM,27173.3
2643,2020-12-27,05:49:41PM,27170.6
2644,2020-12-27,05:49:42PM,27171.1
2645,2020-12-27,05:49:43PM,27170.6
2646,2020-12-27,05:49:44PM,27171.1
2647,2020-12-27,05:49:45PM,27171.1
2648,2020-12-27,05:49:46PM,27173.3
2649,2020-12-27,05:49:47PM,27171.1
2650,2020-12-27,05:49:48PM,27171.1
2651,2020-12-27,05:49:49PM,27170.6
2652,2020-12-27,05:49:50PM,27170.2
2653,2020-12-27,05:52:39PM,27154.5
2654,2020-12-27,05:52:40PM,27154.2
2655,2020-12-27,05:52:41PM,27154.7
2656,2020-12-27,05:52:42PM,27154.6
2657,2020-12-27,05:52:43PM,27154.5
2658,2020-12-27,05:52:44PM,27154.2
2659,2020-12-27,05:52:45PM,27153.5
2660,2020-12-27,05:52:46PM,27153.5
2661,2020-12-27,05:52:47PM,27154.5
2662,2020-12-27,05:52:48PM,27153.5
2663,2020-12-27,05:52:49PM,27154.2
2664,2020-12-27,05:52:50PM,27154.6
2665,2020-12-27,05:52:51PM,27153.5
2666,2020-12-27,05:52:52PM,27153.5
2667,2020-12-27,05:52:53PM,27153.5
2668,2020-12-27,05:52:54PM,27153.5
2669,2020-12-27,05:52:55PM,27153.5
2670,2020-12-27,05:52:55PM,27153.5
2671,2020-12-27,05:52:56PM,27153.5
2672,2020-12-27,05:52:57PM,27154.6
2673,2020-12-27,05:52:58PM,27153.5
2674,2020-12-27,05:52:59PM,27154.2
2675,2020-12-27,05:53:00PM,27153.5
2676,2020-12-27,05:53:01PM,27154.2
2677,2020-12-27,05:53:03PM,27153.5
2678,2020-12-27,05:53:04PM,27153.5
2679,2020-12-27,05:53:05PM,27153.5
2680,2020-12-27,05:53:06PM,27153.5
2681,2020-12-27,05:53:07PM,27154.2
2682,2020-12-27,05:53:07PM,27153.5
2683,2020-12-27,05:53:08PM,27153.5
2684,2020-12-27,05:53:09PM,27153.5
2685,2020-12-27,05:53:10PM,27154.8
2686,2020-12-27,05:53:11PM,27153.5
2687,2020-12-27,05:53:12PM,27154.8
2688,2020-12-27,05:53:13PM,27154.8
2689,2020-12-27,05:53:14PM,27154.8
2690,2020-12-27,05:53:15PM,27154.8
2691,2020-12-27,05:53:16PM,27154.8
2692,2020-12-27,05:53:17PM,27154.8
2693,2020-12-27,05:53:18PM,27154.8
2694,2020-12-27,05:53:19PM,27154.8
2695,2020-12-27,05:53:20PM,27154.8
2696,2020-12-27,05:53:21PM,27153.5
2697,2020-12-27,05:53:22PM,27154.8
2698,2020-12-27,05:53:23PM,27154.8
2699,2020-12-27,05:53:24PM,27154.8
2700,2020-12-27,05:53:25PM,27154.8
2701,2020-12-27,05:53:26PM,27154.8
2702,2020-12-27,05:53:27PM,27153.5
2703,2020-12-27,05:53:28PM,27166.2
2704,2020-12-27,05:53:29PM,27154.8
2705,2020-12-27,05:53:30PM,27166.2
2706,2020-12-27,05:53:31PM,27154.8
2707,2020-12-27,05:53:32PM,27154.9
2708,2020-12-27,05:53:32PM,27154.9
2709,2020-12-27,05:53:33PM,27154.8
2710,2020-12-27,05:53:34PM,27154.8
2711,2020-12-27,05:53:35PM,27154.8
2712,2020-12-27,05:53:36PM,27154.8
2713,2020-12-27,05:53:37PM,27154.8
2714,2020-12-27,05:53:38PM,27154.8
2715,2020-12-27,05:53:39PM,27154.8
2716,2020-12-27,05:53:40PM,27152.5
2717,2020-12-27,05:53:41PM,27154.8
2718,2020-12-27,05:53:42PM,27166.2
2719,2020-12-27,05:53:43PM,27166.2
2720,2020-12-27,05:53:44PM,27152.5
2721,2020-12-27,05:53:45PM,27166.2
2722,2020-12-27,05:53:46PM,27152.5
2723,2020-12-27,05:53:47PM,27166.2
2724,2020-12-27,05:53:48PM,27152.5
2725,2020-12-27,05:53:49PM,27166.2
2726,2020-12-27,05:53:50PM,27151.0
2727,2020-12-27,05:53:51PM,27154.9
2728,2020-12-27,05:53:52PM,27154.9
2729,2020-12-27,05:53:53PM,27152.5
2730,2020-12-27,05:53:54PM,27152.5
2731,2020-12-27,05:53:55PM,27151.0
2732,2020-12-27,05:53:55PM,27151.0
2733,2020-12-27,05:53:56PM,27152.5
2734,2020-12-27,05:53:57PM,27152.5
2735,2020-12-27,05:53:58PM,27151.0
2736,2020-12-27,05:53:59PM,27151.0
2737,2020-12-27,05:54:00PM,27137.5
2738,2020-12-27,05:54:01PM,27152.5
2739,2020-12-27,05:54:02PM,27152.5
2740,2020-12-27,05:54:03PM,27151.0
2741,2020-12-27,05:54:04PM,27152.5
2742,2020-12-27,05:54:05PM,27152.5
2743,2020-12-27,05:54:06PM,27151.0
2744,2020-12-27,05:54:07PM,27151.0
2745,2020-12-27,05:54:08PM,27152.5
2746,2020-12-27,05:54:09PM,27151.0
2747,2020-12-27,05:54:10PM,27151.0
2748,2020-12-27,05:54:11PM,27137.5
2749,2020-12-27,05:54:12PM,27112.9
2750,2020-12-27,05:54:13PM,27137.5
2751,2020-12-27,05:54:14PM,27151.0
2752,2020-12-27,05:54:15PM,27151.0
2753,2020-12-27,05:54:16PM,27151.0
2754,2020-12-27,05:54:17PM,27112.9
2755,2020-12-27,05:54:18PM,27112.9
2756,2020-12-27,05:54:19PM,27112.9
2757,2020-12-27,05:54:20PM,27137.5
2758,2020-12-27,05:54:21PM,27112.9
2759,2020-12-27,05:54:22PM,27112.9
2760,2020-12-27,05:54:23PM,27137.5
2761,2020-12-27,05:54:23PM,27137.5
2762,2020-12-27,05:54:24PM,27112.9
2763,2020-12-27,05:54:25PM,27112.9
2764,2020-12-27,05:54:26PM,27112.9
2765,2020-12-27,05:54:27PM,27112.9
2766,2020-12-27,05:54:28PM,27137.5
2767,2020-12-27,05:54:29PM,27112.9
2768,2020-12-27,05:54:30PM,27114.2
2769,2020-12-27,05:54:31PM,27114.2
2770,2020-12-27,05:54:32PM,27112.9
2771,2020-12-27,05:54:33PM,27112.9
2772,2020-12-27,05:54:34PM,27114.2
2773,2020-12-27,05:54:35PM,27112.9
2774,2020-12-27,05:54:36PM,27112.9
2775,2020-12-27,05:54:37PM,27112.9
2776,2020-12-27,05:54:38PM,27114.2
2777,2020-12-27,05:54:39PM,27114.2
2778,2020-12-27,05:54:40PM,27112.9
2779,2020-12-27,05:54:41PM,27104.9
2780,2020-12-27,05:54:42PM,27114.2
2781,2020-12-27,05:54:43PM,27114.2
2782,2020-12-27,05:54:44PM,27104.9
2783,2020-12-27,05:54:45PM,27096.9
2784,2020-12-27,05:54:46PM,27096.9
2785,2020-12-27,05:54:47PM,27096.9
2786,2020-12-27,05:54:49PM,27096.9
2787,2020-12-27,05:54:50PM,27114.2
2788,2020-12-27,05:54:51PM,27114.2
2789,2020-12-27,05:54:52PM,27096.9
2790,2020-12-27,05:54:53PM,27096.9
2791,2020-12-27,05:54:53PM,27096.9
2792,2020-12-27,05:54:54PM,27096.9
2793,2020-12-27,05:54:59PM,27104.9
2794,2020-12-27,05:55:00PM,27096.9
2795,2020-12-27,05:55:01PM,27104.9
2796,2020-12-27,05:55:02PM,27104.9
2797,2020-12-27,05:55:02PM,27096.9
2798,2020-12-27,05:55:03PM,27096.9
2799,2020-12-27,05:55:05PM,27104.9
2800,2020-12-27,05:55:06PM,27104.9
2801,2020-12-27,05:55:07PM,27096.9
2802,2020-12-27,05:55:08PM,27126.7
2803,2020-12-27,05:55:09PM,27096.9
2804,2020-12-27,05:55:10PM,27096.9
2805,2020-12-27,05:55:11PM,27119.6
2806,2020-12-27,05:55:12PM,27119.6
2807,2020-12-27,05:55:13PM,27096.9
2808,2020-12-27,05:55:14PM,27119.6
2809,2020-12-27,05:55:15PM,27119.6
2810,2020-12-27,05:55:16PM,27119.6
2811,2020-12-27,05:55:17PM,27119.6
2812,2020-12-27,05:55:18PM,27096.9
2813,2020-12-27,05:55:19PM,27096.9
2814,2020-12-27,05:55:20PM,27126.7
2815,2020-12-27,05:55:21PM,27126.7
2816,2020-12-27,05:55:22PM,27119.6
2817,2020-12-27,05:55:23PM,27119.6
2818,2020-12-27,05:55:24PM,27119.6
2819,2020-12-27,05:55:25PM,27119.6
2820,2020-12-27,05:55:26PM,27119.6
2821,2020-12-27,05:55:27PM,27126.7
2822,2020-12-27,05:55:28PM,27119.6
2823,2020-12-27,05:55:29PM,27120.1
2824,2020-12-27,05:55:30PM,27126.7
2825,2020-12-27,05:55:31PM,27119.6
2826,2020-12-27,05:55:32PM,27120.0
2827,2020-12-27,05:55:33PM,27120.0
2828,2020-12-27,05:55:34PM,27119.6
2829,2020-12-27,05:55:35PM,27119.6
2830,2020-12-27,05:55:36PM,27120.0
2831,2020-12-27,05:55:37PM,27120.0
2832,2020-12-27,05:55:38PM,27120.1
2833,2020-12-27,05:55:39PM,27119.6
2834,2020-12-27,05:55:40PM,27119.6
2835,2020-12-27,05:55:41PM,27095.1
2836,2020-12-27,05:55:42PM,27120.1
2837,2020-12-27,05:55:43PM,27120.0
2838,2020-12-27,05:55:43PM,27095.1
2839,2020-12-27,05:55:44PM,27120.0
2840,2020-12-27,05:55:45PM,27120.1
2841,2020-12-27,05:55:46PM,27120.1
2842,2020-12-27,05:55:47PM,27120.0
2843,2020-12-27,05:55:48PM,27101.3
2844,2020-12-27,05:55:49PM,27095.1
2845,2020-12-27,05:55:50PM,27082.2
2846,2020-12-27,05:55:51PM,27101.3
2847,2020-12-27,05:55:52PM,27095.1
2848,2020-12-27,05:55:53PM,27095.1
2849,2020-12-27,05:55:54PM,27082.2
2850,2020-12-27,05:55:55PM,27095.1
2851,2020-12-27,05:55:56PM,27082.2
2852,2020-12-27,05:55:57PM,27101.3
2853,2020-12-27,05:55:58PM,27095.1
2854,2020-12-27,05:55:59PM,27095.1
2855,2020-12-27,05:56:00PM,27095.1
2856,2020-12-27,05:56:01PM,27095.1
2857,2020-12-27,05:56:02PM,27095.1
2858,2020-12-27,05:56:03PM,27095.1
2859,2020-12-27,05:56:04PM,27101.3
2860,2020-12-27,05:56:05PM,27095.1
2861,2020-12-27,05:56:06PM,27011.7
2862,2020-12-27,05:56:07PM,27095.1
2863,2020-12-27,05:56:08PM,27101.3
2864,2020-12-27,05:56:09PM,27095.1
2865,2020-12-27,05:56:10PM,27095.1
2866,2020-12-27,05:56:11PM,26950.0
2867,2020-12-27,05:56:12PM,27095.1
2868,2020-12-27,05:56:13PM,26969.6
2869,2020-12-27,05:56:14PM,26969.6
2870,2020-12-27,05:56:15PM,27082.2
2871,2020-12-27,05:56:16PM,27011.7
2872,2020-12-27,05:56:17PM,26969.6
2873,2020-12-27,05:56:18PM,27082.2
2874,2020-12-27,05:56:19PM,26950.0
2875,2020-12-27,05:56:20PM,26969.5
2876,2020-12-27,05:56:21PM,26950.0
2877,2020-12-27,05:56:22PM,27011.7
2878,2020-12-27,05:56:23PM,26969.6
2879,2020-12-27,05:56:24PM,26969.6
2880,2020-12-27,05:56:24PM,27011.7
2881,2020-12-27,05:56:25PM,27011.7
2882,2020-12-27,05:56:26PM,26969.6
2883,2020-12-27,05:56:27PM,26950.0
2884,2020-12-27,05:56:28PM,27011.7
2885,2020-12-27,05:56:29PM,26969.6
2886,2020-12-27,05:56:30PM,26969.6
2887,2020-12-27,05:56:31PM,26950.0
2888,2020-12-27,05:56:32PM,26969.6
2889,2020-12-27,05:56:33PM,26969.6
2890,2020-12-27,05:56:34PM,26969.6
2891,2020-12-27,05:56:35PM,26973.4
2892,2020-12-27,05:56:36PM,26969.6
2893,2020-12-27,05:56:37PM,26973.4
2894,2020-12-27,05:56:38PM,26969.6
2895,2020-12-27,05:56:39PM,26950.0
2896,2020-12-27,05:56:40PM,26969.6
2897,2020-12-27,05:56:41PM,26969.5
2898,2020-12-27,05:56:42PM,26969.6
2899,2020-12-27,05:56:43PM,26969.5
2900,2020-12-27,05:56:44PM,26969.5
2901,2020-12-27,05:56:44PM,26972.1
2902,2020-12-27,05:56:45PM,26969.5
2903,2020-12-27,05:56:46PM,26977.3
2904,2020-12-27,05:56:47PM,26973.4
2905,2020-12-27,05:56:48PM,26977.3
2906,2020-12-27,05:56:49PM,26977.3
2907,2020-12-27,05:56:50PM,26972.1
2908,2020-12-27,05:56:51PM,26977.3
2909,2020-12-27,05:56:52PM,26973.4
2910,2020-12-27,05:56:53PM,26977.3
2911,2020-12-27,05:56:54PM,26972.1
2912,2020-12-27,05:56:55PM,26977.3
2913,2020-12-27,05:56:56PM,26977.3
2914,2020-12-27,05:56:57PM,26973.4
2915,2020-12-27,05:57:02PM,26977.3
2916,2020-12-27,05:57:03PM,26962.6
2917,2020-12-27,05:57:03PM,26972.1
2918,2020-12-27,05:57:04PM,26962.6
2919,2020-12-27,05:57:05PM,26962.6
2920,2020-12-27,05:57:12PM,26962.6
2921,2020-12-27,05:57:13PM,26962.6
2922,2020-12-27,05:57:14PM,26962.5
2923,2020-12-27,05:57:15PM,26962.6
2924,2020-12-27,05:57:16PM,26962.5
2925,2020-12-27,05:57:17PM,26962.6
2926,2020-12-27,05:57:18PM,26962.6
2927,2020-12-27,05:57:19PM,26962.6
2928,2020-12-27,05:57:20PM,26962.5
2929,2020-12-27,05:57:21PM,26962.6
2930,2020-12-27,05:57:22PM,26962.6
2931,2020-12-27,05:57:23PM,26962.5
2932,2020-12-27,05:57:24PM,26962.6
2933,2020-12-27,05:57:25PM,26962.6
2934,2020-12-27,05:57:26PM,26962.6
2935,2020-12-27,05:57:27PM,26962.6
2936,2020-12-27,05:57:28PM,26962.6
2937,2020-12-27,05:57:29PM,26962.6
2938,2020-12-27,05:57:30PM,26962.6
2939,2020-12-27,05:57:30PM,26962.5
2940,2020-12-27,05:57:31PM,26963.1
